Customer ID,Number of Items,Kiosk Type,Kiosk Number,Time In Line,Time to Checkout,Employee Involved?
0,22.0,cashier,0,0,66.5504258613,False
1,3.0,self,0,0.0,87.2355292922,False
6,7.0,cashier,1,0.0,14.1828292981,False
7,5.0,cashier,2,0.0,16.6318529924,False
5,12.0,cashier,0,0.0,36.300232288,False
3,2.0,self,2,0.0,63.5835907595,False
8,30.0,cashier,3,0.0,57.1412991617,False
11,8.0,cashier,1,0.0,16.2089477693,False
2,4.0,self,1,0.0,128.548625122,True
4,2.0,self,2,41.0166902069,84.3117821641,False
9,24.0,cashier,0,0.0,72.6004645759,False
13,24.0,cashier,1,0.0,48.6268433079,False
14,25.0,cashier,3,0.0,47.6177493014,False
12,17.0,cashier,2,0.0,56.5483001741,False
10,4.0,self,0,0.0,80.6447842768,False
17,1.0,self,0,0.0,25.8733327334,False
16,25.0,cashier,4,0.0,79.410571555,False
19,7.0,cashier,0,0.0,21.1751355013,False
20,26.0,cashier,1,0.0,52.6790802502,False
18,4.0,self,0,0.0,116.211525773,True
21,19.0,cashier,0,0.0,57.4753677893,False
22,30.0,cashier,1,0.0,60.7835541349,False
15,7.0,self,1,0.0,218.496557034,False
24,21.0,cashier,2,0.0,69.853782568,False
27,20.0,cashier,3,0.0,38.0941994411,False
26,22.0,cashier,0,0.0,66.5504258613,False
30,20.0,cashier,0,0.0,60.5003871466,False
23,3.0,self,2,0.0,193.653861924,False
35,17.0,cashier,1,0.0,34.4440140098,False
34,26.0,cashier,0,0.0,78.6505032906,False
38,6.0,cashier,1,0.0,12.156710827,False
37,24.0,cashier,3,0.0,45.7130393294,False
36,26.0,cashier,2,0.0,86.4856355603,False
41,19.0,cashier,0,0.0,57.4753677893,False
28,20.0,self,1,0.0,364.57055171,True
39,3.0,self,2,0.0,132.955487124,True
42,21.0,cashier,0,0.0,63.5254065039,False
43,20.0,cashier,1,0.0,40.5223694233,False
46,5.0,cashier,0,0.0,15.1250967867,False
44,4.0,self,2,22.9153784348,104.098129605,True
48,22.0,cashier,1,0.0,44.5746063656,False
49,26.0,cashier,0,0.0,78.6505032906,False
50,4.0,self,2,0.0,78.3764911483,False
25,18.0,self,0,0.0,709.089061522,False
55,21.0,cashier,0,0.0,63.5254065039,False
51,4.0,self,2,0.0,119.659976912,True
29,3.0,self,0,614.695221775,119.788002483,False
32,7.0,self,1,310.941446131,422.665965049,False
58,5.0,cashier,1,0.0,10.1305923558,False
57,6.0,cashier,0,0.0,18.150116144,False
59,1,self,2,0.0,41.6195343026,False
33,4.0,self,1,730.759465029,60.7828270765,False
31,6.0,self,0,717.204654926,125.942148284,True
60,26.0,cashier,0,0.0,78.6505032906,False
63,23.0,cashier,3,0.0,43.8083293573,False
61,33.0,cashier,1,0.0,66.8619095484,False
62,24.0,cashier,2,0.0,79.8328943634,False
65,30.0,cashier,4,0.0,95.292685866,False
45,2.0,self,0,425.81566773,97.8357558013,True
69,32.0,cashier,0,0.0,96.8006194346,False
40,2.0,self,1,577.680953031,138.003621638,False
72,6.0,cashier,1,0.0,12.156710827,False
68,24.0,cashier,2,50.3122305568,79.8328943634,False
75,7.0,cashier,1,0.0,14.1828292981,False
64,4.0,self,2,0.0,206.321907878,False
76,6.0,cashier,2,0.0,19.9582235908,False
74,21.0,cashier,0,0.0,63.5254065039,False
77,21.0,cashier,1,0.0,42.5484878944,False
47,2.0,self,0,510.427290336,141.641262635,False
56,5.0,self,1,301.536031752,153.405749816,True
70,2.0,self,1,230.895102002,50.0134812013,False
81,10.0,cashier,0,0.0,30.2501935733,False
83,5.0,cashier,0,0.0,15.1250967867,False
84,27.0,cashier,1,0.0,54.7051987214,False
89,5.0,cashier,3,0.0,9.52354986029,False
86,29.0,cashier,0,0.0,87.7255613626,False
88,28.0,cashier,1,0.0,56.7313171926,False
87,26.0,cashier,2,0.0,86.4856355603,False
80,3.0,self,1,54.0564696792,162.634907217,True
91,29.0,cashier,3,0.0,55.2365891897,False
93,5.0,cashier,1,0.0,10.1305923558,False
92,7.0,cashier,0,0.0,21.1751355013,False
95,6.0,cashier,1,0.0,12.156710827,False
66,9.0,self,2,198.416323118,405.60811669,False
98,22.0,cashier,1,0.0,44.5746063656,False
97,32.0,cashier,0,0.0,96.8006194346,False
101,28.0,cashier,1,0.0,56.7313171926,False
103,6.0,cashier,1,0.0,12.156710827,False
67,5.0,self,2,601.682709054,100.30263369,True
100,32.0,cashier,2,0.0,106.443859151,False
102,20.0,cashier,0,0.0,60.5003871466,False
105,27.0,cashier,1,0.0,54.7051987214,False
52,4.0,self,0,479.935468423,513.67620584,False
82,2.0,self,2,359.453858075,77.263808441,True
53,1,self,0,986.247252339,21.7309563198,False
108,8.0,cashier,0,0.0,24.2001548586,False
109,23.0,cashier,0,0.0,69.5754452186,False
112,5.0,cashier,1,0.0,10.1305923558,False
54,3.0,self,0,999.078694232,139.457232787,True
85,8.0,self,2,411.885438071,195.292323301,True
71,3.0,self,0,821.028893288,69.82796758,True
115,25.0,cashier,0,0.0,75.6254839333,False
116,28.0,cashier,1,0.0,56.7313171926,False
73,1,self,0,876.322271108,69.5260170701,False
96,3.0,self,2,430.054447224,114.034379532,True
118,24.0,cashier,3,0.0,45.7130393294,False
117,32.0,cashier,2,0.0,106.443859151,False
104,1,self,2,384.826784619,61.7913762574,False
94,16.0,self,1,0.0,623.223705666,False
119,22.0,cashier,0,0.0,66.5504258613,False
78,4.0,self,0,811.075025423,157.181049515,False
106,4.0,self,1,427.427755045,91.5521747987,True
79,1,self,0,965.436628728,44.4665658656,False
90,2.0,self,0,822.851974346,56.6562163501,True
123,21.0,cashier,1,0.0,42.5484878944,False
110,5.0,self,1,378.153021063,154.015558691,False
121,27.0,cashier,0,0.0,81.6755226479,False
127,5.0,cashier,1,0.0,10.1305923558,False
99,2.0,self,0,760.881482351,75.7590519303,True
107,4.0,self,2,414.971906247,272.326569361,True
111,1.0,self,2,521.382071403,19.6809561857,False
120,1,self,2,134.018354242,51.9859446446,True
129,5.0,cashier,0,0.0,15.1250967867,False
128,1,self,1,0.0,21.3584683926,False
113,2.0,self,0,479.750331783,133.500977871,False
132,6.0,cashier,1,0.0,12.156710827,False
122,4.0,self,2,147.470333944,83.8492769928,False
133,5.0,cashier,1,0.0,10.1305923558,False
131,26.0,cashier,0,0.0,78.6505032906,False
124,3.0,self,2,209.989302607,59.2359118168,False
134,26.0,cashier,1,0.0,52.6790802502,False
130,5.0,self,1,0.0,145.869605794,False
135,25.0,cashier,2,0.0,83.1592649619,False
138,22.0,cashier,3,0.0,41.9036193853,False
137,29.0,cashier,1,0.0,58.7574356637,False
136,24.0,cashier,0,0.0,72.6004645759,False
142,6.0,cashier,2,0.0,19.9582235908,False
140,22.0,cashier,4,0.0,69.8813029684,False
144,25.0,cashier,1,0.0,50.6529617791,False
143,25.0,cashier,0,0.0,75.6254839333,False
141,2.0,self,1,0.0,136.825376111,False
139,2.0,self,2,0.0,172.373515928,True
146,32.0,cashier,1,0.0,64.8357910772,False
147,27.0,cashier,0,0.0,81.6755226479,False
148,30.0,cashier,2,0.0,99.7911179542,False
145,4.0,self,2,99.2861454389,111.340063909,False
152,5.0,cashier,0,0.0,15.1250967867,False
151,24.0,cashier,3,0.0,45.7130393294,False
150,27.0,cashier,1,0.0,54.7051987214,False
149,3.0,self,1,0.0,115.874474756,True
154,21.0,cashier,1,0.0,42.5484878944,False
153,29.0,cashier,0,0.0,87.7255613626,False
155,1.0,self,1,0.0,49.7935891162,True
114,17.0,self,0,605.174657423,588.991368387,False
157,14.0,cashier,2,0.0,46.5691883786,False
159,6.0,cashier,0,0.0,18.150116144,False
156,3.0,self,2,0.0,129.095950888,True
158,1,self,1,0.0,49.2424344755,True
125,4.0,self,0,741.06800587,96.2722299113,False
162,6.0,cashier,1,0.0,12.156710827,False
165,1,self,2,0.0,19.8146865259,False
164,21.0,cashier,3,0.0,39.9989094132,False
160,28.0,cashier,0,0.0,84.7005420052,False
126,3.0,self,0,834.122054077,74.157008773,False
163,23.0,cashier,2,0.0,76.5065237649,False
168,26.0,cashier,0,0.0,78.6505032906,False
173,6.0,cashier,3,0.0,11.4282598323,False
171,31.0,cashier,1,0.0,62.8096726061,False
161,2.0,self,1,0.0,194.32934468,True
172,26.0,cashier,2,0.0,86.4856355603,False
174,21.0,cashier,0,0.0,63.5254065039,False
167,6.0,self,0,11.4209544782,166.979243828,True
176,20.0,cashier,0,0.0,60.5003871466,False
175,3.0,self,1,0.0,93.8335531761,True
169,4.0,self,0,150.333159802,116.967136536,True
177,25.0,cashier,1,0.0,50.6529617791,False
166,3.0,self,2,8.20387596126,316.417562946,False
181,6.0,cashier,0,0.0,18.150116144,False
179,28.0,cashier,3,0.0,53.3318792176,False
178,26.0,cashier,2,0.0,86.4856355603,False
180,27.0,cashier,4,0.0,85.7634172794,False
185,7.0,cashier,1,0.0,14.1828292981,False
184,17.0,cashier,0,0.0,51.4253290746,False
187,19.0,cashier,3,0.0,36.1894894691,False
189,26.0,cashier,1,0.0,52.6790802502,False
186,27.0,cashier,2,0.0,89.8120061588,False
182,5.0,self,1,0.0,220.71886553,False
188,4.0,self,1,118.350525197,94.1884810251,False
183,7.0,self,2,0.0,325.768796586,False
170,13.0,self,0,256.996101093,384.693974018,False
195,34.0,cashier,0,0.0,102.850658149,False
193,4.0,self,1,96.3160215047,81.6945601705,True
190,3.0,self,2,222.188078697,58.7683255205,False
197,1.0,self,1,55.4810261181,65.7522803442,False
191,1.0,self,2,277.690264681,39.4698245093,False
198,24.0,cashier,0,0.0,72.6004645759,False
204,5.0,cashier,2,0.0,16.6318529924,False
205,8.0,cashier,3,0.0,15.2376797765,False
192,4.0,self,2,309.589499752,148.124972859,False
203,31.0,cashier,1,0.0,62.8096726061,False
202,34.0,cashier,0,0.0,102.850658149,False
200,5.0,self,1,0.0,144.715876865,True
199,5.0,self,0,0.0,197.316840597,True
206,34.0,cashier,4,0.0,107.998377315,False
211,7.0,cashier,0,0.0,21.1751355013,False
212,5.0,cashier,0,0.0,15.1250967866,False
213,19.0,cashier,1,0.0,38.4962509521,False
216,27.0,cashier,0,0.0,81.6755226479,False
218,24.0,cashier,1,0.0,48.6268433079,False
222,18.0,cashier,1,0.0,36.4701324809,False
201,19.0,self,1,118.813542794,322.458658197,True
219,27.0,cashier,0,0.0,81.6755226479,False
208,1,self,1,344.890248229,17.26832295,False
223,20.0,cashier,2,0.0,66.5274119695,False
224,24.0,cashier,3,0.0,45.7130393294,False
225,21.0,cashier,1,0.0,42.5484878944,False
228,5.0,cashier,1,0.0,10.1305923558,False
226,33.0,cashier,0,0.0,99.8256387919,False
230,27.0,cashier,1,0.0,54.7051987214,False
209,5.0,self,1,317.807923019,186.104293127,True
234,22.0,cashier,3,0.0,41.9036193853,False
231,27.0,cashier,2,0.0,89.8120061588,False
235,15.0,cashier,4,0.0,47.646342933,False
233,28.0,cashier,0,0.0,84.7005420052,False
241,8.0,cashier,1,0.0,16.2089477693,False
210,5.0,self,1,489.900431065,129.738060854,True
242,20.0,cashier,2,0.0,66.5274119695,False
240,34.0,cashier,0,0.0,102.850658149,False
244,21.0,cashier,1,0.0,42.5484878944,False
245,18.0,cashier,0,0.0,54.4503484319,False
247,8.0,cashier,1,0.0,16.2089477693,False
248,5.0,cashier,0,0.0,15.1250967866,False
214,15.0,self,0,0.0,678.466252055,False
246,23.0,cashier,2,0.0,76.5065237649,False
229,3.0,self,0,365.297249628,80.2026940691,False
251,21.0,cashier,0,0.0,63.5254065039,False
236,1,self,0,339.10237196,18.2542716022,False
254,29.0,cashier,1,0.0,58.7574356637,False
257,24.0,cashier,0,0.0,72.6004645759,False
259,22.0,cashier,1,0.0,44.5746063656,False
260,25.0,cashier,2,0.0,83.1592649619,False
239,4.0,self,0,284.119323099,171.619474461,True
262,6.0,cashier,1,0.0,12.156710827,False
227,18.0,self,1,296.424486339,477.709466756,True
264,22.0,cashier,1,0.0,44.5746063656,False
261,31.0,cashier,0,0.0,93.7756000772,False
232,1.0,self,1,655.155360127,55.2829495511,True
268,7.0,cashier,0,0.0,21.1751355013,False
265,29.0,cashier,3,0.0,55.2365891897,False
263,36.0,cashier,2,0.0,119.749341545,False
266,25.0,cashier,4,0.0,79.410571555,False
237,2.0,self,1,643.482318251,59.5152905958,False
238,1,self,1,681.650068349,34.5684007826,False
194,20.0,self,2,384.393181574,1343.06143382,True
271,24.0,cashier,0,0.0,72.6004645759,False
272,27.0,cashier,1,0.0,54.7051987214,False
196,4.0,self,2,1620.8710151,149.088981355,False
207,2.0,self,2,1500.38420119,47.0084853129,False
279,10.0,cashier,2,0.0,33.2637059847,False
275,36.0,cashier,0,0.0,108.900696864,False
278,33.0,cashier,1,0.0,66.8619095484,False
281,6.0,cashier,2,0.0,19.9582235908,False
280,23.0,cashier,3,0.0,43.8083293573,False
284,5.0,cashier,0,0.0,15.1250967866,False
215,2.0,self,2,1396.45067361,71.8057202748,False
217,1,self,2,1412.84300859,15.3585929021,False
250,3.0,self,1,496.782025749,358.956518743,True
283,27.0,cashier,4,0.0,85.7634172794,False
249,10.0,self,0,281.892446334,604.097167285,False
288,5.0,cashier,2,0.0,16.6318529924,False
287,20.0,cashier,1,0.0,40.5223694233,False
286,27.0,cashier,0,0.0,81.6755226479,False
267,3.0,self,1,476.434102088,61.6086816084,True
290,5.0,cashier,1,0.0,10.1305923558,False
274,5.0,self,1,278.616306336,90.3830824509,False
289,33.0,cashier,0,0.0,99.8256387919,False
253,8.0,self,0,835.347433695,181.735616301,False
291,33.0,cashier,1,0.0,66.8619095484,False
220,18.0,self,2,1343.43098828,280.100452878,False
294,18.0,cashier,0,0.0,54.4503484319,False
256,4.0,self,0,944.841699338,108.345663633,False
221,4.0,self,2,1608.39943046,91.8678149602,False
300,6.0,cashier,4,0.0,19.0585371732,False
296,29.0,cashier,1,0.0,58.7574356637,False
298,24.0,cashier,3,0.0,45.7130393294,False
297,26.0,cashier,2,0.0,86.4856355603,False
303,6.0,cashier,1,0.0,12.156710827,False
243,3.0,self,2,1281.05928968,74.8164240695,False
292,7.0,self,1,0.0,225.323691529,False
299,36.0,cashier,0,0.0,108.900696864,False
301,16.0,cashier,2,47.6591209236,53.2219295756,False
270,2.0,self,0,709.995121679,125.78502771,False
304,23.0,cashier,1,0.0,46.6007248368,False
309,6.0,cashier,2,0.0,19.9582235908,False
306,23.0,cashier,3,0.0,43.8083293573,False
302,21.0,cashier,0,83.7108248538,63.5254065039,False
252,4.0,self,2,1226.16834797,95.684860592,True
307,26.0,cashier,4,0.0,82.5869944172,False
276,3.0,self,0,597.756841296,69.1073056904,False
311,31.0,cashier,1,0.0,62.8096726061,False
255,2.0,self,2,1257.64855745,41.4593812985,False
295,4.0,self,1,149.932168537,155.58486617,False
313,19.0,cashier,1,0.0,38.4962509521,False
258,2.0,self,2,1243.92627716,92.7925932273,False
316,19.0,cashier,3,0.0,36.1894894691,False
319,6.0,cashier,3,0.0,11.4282598323,False
314,3.0,self,0,0.0,73.4824604753,False
317,24.0,cashier,1,0.0,48.6268433079,False
269,1,self,2,1040.57781372,24.3159183404,False
312,32.0,cashier,0,0.0,96.8006194346,False
315,28.0,cashier,2,0.0,93.1383767573,False
318,21.0,cashier,4,0.0,66.7048801062,False
305,6.0,self,1,152.147671034,144.49077025,True
273,2.0,self,2,883.739994725,45.8802545222,False
320,18.0,cashier,2,38.5555259995,59.8746707725,False
323,5.0,cashier,1,0.0,10.1305923558,False
277,1.0,self,2,864.105890589,49.5308239183,True
321,3.0,self,0,0.0,114.824252265,False
324,22.0,cashier,3,0.0,41.9036193853,False
325,18.0,cashier,1,0.0,36.4701324809,False
322,31.0,cashier,0,0.0,93.7756000772,False
327,1,self,0,0.0,28.0280058685,False
328,29.0,cashier,0,0.0,87.7255613626,False
330,11.0,cashier,2,0.0,36.5900765832,False
329,23.0,cashier,1,0.0,46.6007248368,False
331,28.0,cashier,3,0.0,53.3318792176,False
282,5.0,self,2,844.138357681,224.568912066,False
332,19.0,cashier,0,0.0,57.4753677893,False
333,29.0,cashier,1,0.0,58.7574356637,False
337,7.0,cashier,4,0.0,22.2349600354,False
335,15.0,cashier,2,0.0,49.8955589771,False
336,28.0,cashier,3,0.0,53.3318792176,False
338,5.0,cashier,2,28.8904215279,16.6318529924,False
310,4.0,self,1,263.218282745,362.730789285,True
285,3.0,self,2,1014.32250697,99.9431232259,True
334,1.0,self,0,0.0,110.000046972,True
341,5.0,cashier,1,0.0,10.1305923558,False
340,25.0,cashier,0,0.0,75.6254839333,False
293,4.0,self,2,848.235761066,69.6950829173,False
345,9.0,cashier,1,0.0,18.2350662405,False
339,4.0,self,1,2.88725148005,122.129465901,False
342,2.0,self,0,0.0,110.135777804,False
344,20.0,cashier,0,0.0,60.5003871466,False
346,22.0,cashier,1,0.0,44.5746063656,False
350,5.0,cashier,1,0.0,10.1305923558,False
348,27.0,cashier,0,0.0,81.6755226479,False
351,5.0,cashier,1,0.0,10.1305923558,False
308,4.0,self,2,725.632566306,147.92544175,True
353,8.0,cashier,0,0.0,24.2001548586,False
347,4.0,self,1,0.0,155.623521432,True
354,15.0,cashier,1,0.0,30.3917770674,False
343,5.0,self,0,81.9601487463,186.482112431,False
357,27.0,cashier,0,0.0,81.6755226479,False
359,20.0,cashier,1,0.0,40.5223694233,False
356,3.0,self,0,0.0,101.081415076,False
361,19.0,cashier,2,0.0,63.201041371,False
362,5.0,cashier,0,0.0,15.1250967866,False
326,3.0,self,2,525.529588132,307.936736709,False
364,35.0,cashier,1,0.0,70.9141464907,False
349,1,self,2,386.308495597,26.4762456637,False
365,9.0,cashier,0,0.0,27.225174216,False
366,6.0,cashier,0,0.0,18.150116144,False
363,2.0,self,2,75.391381399,48.2262487681,True
367,19.0,cashier,1,0.0,38.4962509521,False
369,6.0,cashier,0,0.0,18.150116144,False
358,4.0,self,0,68.0342977735,225.83282643,True
352,14.0,self,1,39.0495965218,409.452565057,False
355,1,self,1,415.408881121,36.9164417136,True
374,14.0,cashier,1,0.0,28.3656585963,False
370,29.0,cashier,0,0.0,87.7255613626,False
368,7.0,self,2,17.393158441,145.383900078,True
360,2.0,self,1,331.501547777,52.0052679387,False
371,4.0,self,0,0.0,133.841238135,True
376,37.0,cashier,0,0.0,111.925716221,False
377,26.0,cashier,1,0.0,52.6790802502,False
380,6.0,cashier,1,0.0,12.156710827,False
372,3.0,self,1,109.970091861,143.240360074,False
381,6.0,cashier,2,0.0,19.9582235908,False
378,3.0,self,0,0.0,121.219205467,True
382,20.0,cashier,1,0.0,40.5223694233,False
379,27.0,cashier,0,0.0,81.6755226479,False
373,3.0,self,1,221.642617683,65.2400495164,True
383,21.0,cashier,1,0.0,42.5484878944,False
387,9.0,cashier,1,0.0,18.2350662405,False
384,4.0,self,0,0.0,92.4447244702,True
386,28.0,cashier,0,0.0,84.7005420052,False
388,22.0,cashier,1,0.0,44.5746063656,False
385,3.0,self,2,0.0,127.244560329,False
390,18.0,cashier,0,0.0,54.4503484319,False
394,6.0,cashier,0,0.0,18.150116144,False
391,23.0,cashier,2,0.0,76.5065237649,False
393,24.0,cashier,1,0.0,48.6268433079,False
389,2.0,self,0,0.0,122.799561504,True
395,29.0,cashier,0,0.0,87.7255613626,False
397,6.0,cashier,2,0.0,19.9582235908,False
396,35.0,cashier,1,0.0,70.9141464907,False
398,17.0,cashier,3,0.0,32.380069525,False
392,4.0,self,0,96.5199809446,98.7339725637,True
375,13.0,self,1,270.374002885,372.412148062,False
399,8.0,cashier,0,0.0,24.2001548586,False
403,22.0,cashier,0,0.0,66.5504258613,False
400,4.0,self,0,0.0,125.042670611,True
407,22.0,cashier,0,0.0,66.5504258613,False
411,9.0,cashier,3,0.0,17.1423897485,False
405,3.0,self,0,57.9195544095,73.3160678638,False
408,30.0,cashier,1,0.0,60.7835541349,False
412,17.0,cashier,0,0.0,51.4253290746,False
401,10.0,self,1,0.0,228.26803613,False
406,2.0,self,0,103.754429023,54.4592025147,True
410,31.0,cashier,2,0.0,103.117488553,False
413,29.0,cashier,1,0.0,58.7574356637,False
404,1,self,1,201.641743356,37.5318369596,False
416,5.0,cashier,1,0.0,10.1305923558,False
418,6.0,cashier,1,0.0,12.156710827,False
415,21.0,cashier,0,0.0,63.5254065039,False
414,4.0,self,0,0.0,118.023055033,False
417,18.0,cashier,2,0.0,59.8746707725,False
419,24.0,cashier,0,0.0,72.6004645759,False
420,29.0,cashier,1,0.0,58.7574356637,False
422,26.0,cashier,3,0.0,49.5224592735,False
421,21.0,cashier,2,0.0,69.853782568,False
423,22.0,cashier,0,0.0,66.5504258613,False
424,1,self,0,0.0,67.7304668803,True
427,2.0,self,0,0.0,30.6248354498,False
426,29.0,cashier,0,0.0,87.7255613626,False
402,20.0,self,2,0.0,717.380888711,False
429,26.0,cashier,1,0.0,52.6790802502,False
428,3.0,self,0,0.0,96.3415130046,True
430,21.0,cashier,0,0.0,63.5254065039,False
425,5.0,self,1,0.0,210.270406141,False
431,28.0,cashier,1,0.0,56.7313171926,False
434,6.0,cashier,3,0.0,11.4282598323,False
409,4.0,self,2,591.560151904,109.901923017,False
432,23.0,cashier,0,0.0,69.5754452186,False
435,1,self,0,0.0,23.5837927791,False
433,30.0,cashier,2,0.0,99.7911179542,False
436,10.0,cashier,0,0.0,30.2501935733,False
437,22.0,cashier,1,0.0,44.5746063656,False
438,22.0,cashier,3,0.0,41.9036193853,False
440,7.0,cashier,0,0.0,21.1751355013,False
444,7.0,cashier,3,0.0,13.3329698044,False
439,33.0,cashier,4,0.0,104.821954453,False
443,11.0,cashier,2,0.0,36.5900765832,False
441,22.0,cashier,0,0.0,66.5504258613,False
442,22.0,cashier,1,0.0,44.5746063656,False
448,14.0,cashier,1,0.0,28.3656585963,False
452,6.0,cashier,3,0.0,11.4282598323,False
449,20.0,cashier,1,0.0,40.5223694233,False
447,27.0,cashier,0,0.0,81.6755226479,False
454,6.0,cashier,0,0.0,18.150116144,False
450,21.0,cashier,2,0.0,69.853782568,False
445,4.0,self,0,0.0,225.452772998,True
455,21.0,cashier,0,0.0,63.5254065039,False
457,5.0,cashier,1,0.0,10.1305923558,False
456,25.0,cashier,0,0.0,75.6254839333,False
458,7.0,cashier,0,0.0,21.1751355013,False
462,9.0,cashier,3,0.0,17.1423897485,False
459,29.0,cashier,1,0.0,58.7574356637,False
463,8.0,cashier,4,0.0,25.4113828976,False
464,6.0,cashier,1,0.0,12.156710827,False
461,24.0,cashier,0,0.0,72.6004645759,False
467,6.0,cashier,3,0.0,11.4282598323,False
460,29.0,cashier,2,0.0,96.4647473557,False
465,21.0,cashier,1,0.0,42.5484878944,False
469,6.0,cashier,0,0.0,18.150116144,False
470,22.0,cashier,1,0.0,44.5746063656,False
473,7.0,cashier,0,0.0,21.1751355013,False
474,30.0,cashier,1,0.0,60.7835541349,False
451,6.0,self,2,0.0,536.390082902,True
466,4.0,self,0,0.0,209.041655034,False
477,6.0,cashier,0,0.0,18.150116144,False
478,10.0,cashier,1,0.0,20.2611847116,False
475,1,self,0,42.8335700461,35.454874531,False
479,5.0,cashier,2,0.0,16.6318529924,False
453,3.0,self,2,512.40714318,71.2305401387,True
482,8.0,cashier,1,0.0,16.2089477693,False
480,3.0,self,0,0.0,60.4279450438,False
481,19.0,cashier,0,0.0,57.4753677893,False
468,1,self,2,220.750918181,70.7145538722,True
483,6.0,cashier,0,0.0,18.150116144,False
471,1,self,2,244.185026634,32.4576133819,True
485,3.0,self,0,0.0,45.1385975011,False
484,32.0,cashier,0,0.0,96.8006194346,False
488,27.0,cashier,1,0.0,54.7051987214,False
487,2.0,self,0,0.0,67.0017831068,True
446,16.0,self,1,0.0,943.026308071,True
472,4.0,self,2,268.408419238,155.922185705,True
490,5.0,cashier,0,0.0,15.1250967867,False
476,1.0,self,1,320.404488907,45.1893939935,False
486,2.0,self,1,157.603613909,55.2764314804,False
489,6.0,self,0,0.0,156.499709779,False
494,5.0,cashier,1,0.0,10.1305923558,False
492,2.0,self,0,81.4836190688,43.971537337,False
497,1,self,1,0.0,20.2185384449,False
495,20.0,cashier,1,0.0,40.5223694233,False
493,27.0,cashier,0,0.0,81.6755226479,False
491,4.0,self,2,0.0,207.193760478,False
496,30.0,cashier,2,0.0,99.7911179542,False
499,4.0,self,0,0.0,86.5301541525,False
500,20.0,cashier,0,0.0,60.5003871466,False
501,1,self,0,0.0,15.1212192669,False
498,4.0,self,1,15.5747767739,131.601708196,False
504,10.0,cashier,1,0.0,20.2611847116,False
503,17.0,cashier,0,0.0,51.4253290746,False
502,2.0,self,0,0.0,68.5578431459,False
505,2.0,self,1,0.0,72.9592301066,False
506,27.0,cashier,0,0.0,81.6755226479,False
507,23.0,cashier,1,0.0,46.6007248368,False
508,19.0,cashier,2,0.0,63.201041371,False
509,26.0,cashier,3,0.0,49.5224592735,False
510,5.0,cashier,0,0.0,15.1250967867,False
511,6.0,cashier,0,0.0,18.150116144,False
514,6.0,cashier,1,0.0,12.156710827,False
515,6.0,cashier,2,0.0,19.9582235908,False
517,8.0,cashier,1,0.0,16.2089477693,False
513,4.0,self,0,0.0,68.1014579243,False
512,28.0,cashier,0,0.0,84.7005420052,False
516,23.0,cashier,3,0.0,43.8083293573,False
519,20.0,cashier,1,0.0,40.5223694233,False
521,18.0,cashier,0,0.0,54.4503484319,False
522,16.0,cashier,1,0.0,32.4178955386,False
518,5.0,self,1,0.0,117.578491115,False
524,9.0,cashier,1,0.0,18.2350662405,False
523,21.0,cashier,0,0.0,63.5254065039,False
520,4.0,self,0,0.0,151.805931862,False
525,18.0,cashier,1,0.0,36.4701324809,False
528,16.0,cashier,0,0.0,48.4003097173,False
529,1,self,2,0.0,43.9742405591,True
526,4.0,self,0,0.0,178.665411938,True
531,23.0,cashier,1,0.0,46.6007248368,False
530,26.0,cashier,0,0.0,78.6505032906,False
536,10.0,cashier,1,0.0,20.2611847116,False
532,28.0,cashier,2,0.0,93.1383767573,False
535,29.0,cashier,0,0.0,87.7255613626,False
537,27.0,cashier,1,0.0,54.7051987214,False
538,7.0,cashier,2,0.0,23.2845941893,False
527,17.0,self,1,0.0,301.047517733,False
539,25.0,cashier,3,0.0,47.6177493014,False
533,2.0,self,2,0.0,200.741022636,True
541,21.0,cashier,1,0.0,42.5484878944,False
540,25.0,cashier,0,0.0,75.6254839333,False
543,2.0,self,1,0.0,53.3905052886,False
534,4.0,self,0,0.0,259.887240239,True
545,2.0,self,2,0.0,59.8434389172,False
548,23.0,cashier,3,0.0,43.8083293573,False
542,40.0,cashier,2,0.0,133.054823939,False
547,30.0,cashier,1,0.0,60.7835541349,False
544,32.0,cashier,0,0.0,96.8006194346,False
550,9.0,cashier,1,0.0,18.2350662405,False
549,4.0,self,1,0.0,103.269642982,True
546,3.0,self,0,30.4623174605,147.730193478,False
551,26.0,cashier,0,0.0,78.6505032906,False
553,24.0,cashier,1,0.0,48.6268433079,False
552,4.0,self,2,0.0,134.634747954,True
554,25.0,cashier,2,0.0,83.1592649619,False
556,1,self,0,0.0,36.7602188487,False
558,7.0,cashier,2,0.0,23.2845941893,False
555,33.0,cashier,0,0.0,99.8256387919,False
557,31.0,cashier,1,0.0,62.8096726061,False
560,13.0,cashier,4,0.0,41.2934972086,False
559,30.0,cashier,3,0.0,57.1412991617,False
561,3.0,self,0,0.0,77.0359372172,True
562,21.0,cashier,0,0.0,63.5254065039,False
563,6.0,cashier,0,0.0,18.150116144,False
564,2.0,self,0,0.0,75.1812373036,True
566,22.0,cashier,1,0.0,44.5746063656,False
567,6.0,cashier,2,0.0,19.9582235908,False
565,30.0,cashier,0,0.0,90.7505807199,False
572,23.0,cashier,1,0.0,46.6007248368,False
574,8.0,cashier,3,0.0,15.2376797765,False
569,40.0,cashier,0,0.0,121.000774293,False
573,19.0,cashier,2,0.0,63.201041371,False
576,5.0,cashier,1,0.0,10.1305923558,False
577,5.0,cashier,1,0.0,10.1305923558,False
575,26.0,cashier,0,0.0,78.6505032906,False
579,22.0,cashier,0,0.0,66.5504258613,False
581,16.0,cashier,1,0.0,32.4178955386,False
583,19.0,cashier,3,0.0,36.1894894691,False
582,18.0,cashier,2,0.0,59.8746707725,False
587,7.0,cashier,1,0.0,14.1828292981,False
568,7.0,self,1,0.0,503.210467682,True
590,21.0,cashier,1,0.0,42.5484878944,False
570,4.0,self,0,0.0,439.54060908,True
586,35.0,cashier,0,0.0,105.875677507,False
591,17.0,cashier,1,0.0,34.4440140098,False
580,1,self,0,242.237669044,36.4415389249,False
584,2.0,self,0,168.471130976,34.7064681453,False
592,24.0,cashier,0,0.0,72.6004645759,False
593,8.0,cashier,1,0.0,16.2089477693,False
595,7.0,cashier,0,0.0,21.1751355013,False
596,8.0,cashier,0,0.0,24.2001548586,False
594,4.0,self,1,0.0,108.260220635,True
585,4.0,self,0,200.93379056,136.146660125,True
597,33.0,cashier,1,0.0,66.8619095484,False
598,25.0,cashier,2,0.0,83.1592649619,False
588,2.0,self,0,272.607462355,49.6995961524,False
600,2.0,self,1,0.0,36.9402933442,False
599,40.0,cashier,0,0.0,121.000774293,False
602,5.0,cashier,0,0.0,15.1250967867,False
571,18.0,self,2,0.0,778.92562433,False
605,6.0,cashier,0,0.0,18.150116144,False
601,2.0,self,1,0.0,141.153393513,True
589,8.0,self,0,314.035908293,172.389740491,True
603,1.0,self,1,95.8763788272,29.8546715251,False
607,14.0,cashier,1,0.0,28.3656585963,False
578,4.0,self,2,601.048265798,119.756254798,False
606,26.0,cashier,0,0.0,78.6505032906,False
604,2.0,self,0,70.5043349191,69.8075647888,True
611,1,self,1,0.0,22.8359809156,False
609,30.0,cashier,1,0.0,60.7835541349,False
610,25.0,cashier,2,0.0,83.1592649619,False
612,7.0,cashier,0,0.0,21.1751355013,False
613,23.0,cashier,1,0.0,46.6007248368,False
614,5.0,cashier,0,0.0,15.1250967867,False
608,3.0,self,2,26.9038755063,150.705681144,True
615,1,self,0,0.0,54.2467411248,True
616,21.0,cashier,0,0.0,63.5254065039,False
617,23.0,cashier,1,0.0,46.6007248368,False
619,1,self,1,0.0,22.9689996931,False
620,6.0,cashier,0,0.0,18.150116144,False
621,6.0,cashier,1,0.0,12.156710827,False
618,2.0,self,0,0.0,91.4601056054,False
623,5.0,cashier,1,0.0,10.1305923558,False
622,16.0,cashier,0,0.0,48.4003097173,False
624,15.0,cashier,1,0.0,30.3917770675,False
626,17.0,cashier,1,0.0,34.4440140098,False
625,19.0,cashier,0,0.0,57.4753677893,False
628,2.0,self,1,0.0,60.1411012701,False
633,29.0,cashier,0,0.0,87.7255613626,False
630,4.0,self,1,30.6092723745,90.9815748171,False
637,18.0,cashier,1,0.0,36.4701324809,False
629,5.0,self,2,0.0,179.926922439,True
631,2.0,self,2,149.42290472,32.8240211712,False
640,23.0,cashier,2,0.0,76.5065237649,False
639,28.0,cashier,0,0.0,84.7005420052,False
642,24.0,cashier,0,0.0,72.6004645759,False
627,10.0,self,0,0.0,357.102903471,False
634,4.0,self,2,139.481197829,125.550800426,True
632,4.0,self,1,95.7959721427,222.982647527,True
644,30.0,cashier,1,0.0,60.7835541349,False
636,2.0,self,0,214.282617585,67.1560243317,True
647,6.0,cashier,0,0.0,18.150116144,False
641,4.0,self,1,124.940385951,144.108834937,False
635,4.0,self,2,249.49085618,184.051396597,False
650,5.0,cashier,1,0.0,10.1305923558,False
649,31.0,cashier,0,0.0,93.7756000772,False
653,18.0,cashier,1,0.0,36.4701324809,False
638,5.0,self,2,387.61489372,100.487251811,True
652,24.0,cashier,0,0.0,72.6004645759,False
643,3.0,self,2,328.468465476,84.6115954929,True
651,4.0,self,0,0.0,219.777689797,False
659,9.0,cashier,1,0.0,18.2350662405,False
645,2.0,self,2,361.022138106,103.883433262,False
654,2.0,self,0,165.592215826,62.3355960911,True
658,23.0,cashier,0,0.0,69.5754452186,False
662,5.0,cashier,1,0.0,10.1305923558,False
648,18.0,self,1,124.156750087,356.467381471,False
661,17.0,cashier,0,0.0,51.4253290746,False
663,11.0,cashier,1,0.0,22.2873031828,False
665,6.0,cashier,3,0.0,11.4282598323,False
666,13.0,cashier,0,0.0,39.3252516453,False
646,4.0,self,2,433.216110882,142.475481584,False
664,27.0,cashier,2,0.0,89.8120061588,False
667,9.0,cashier,0,0.0,27.225174216,False
655,4.0,self,1,243.596498891,136.871795929,False
668,19.0,cashier,1,0.0,38.4962509521,False
669,25.0,cashier,0,0.0,75.6254839333,False
670,29.0,cashier,1,0.0,58.7574356637,False
672,22.0,cashier,0,0.0,66.5504258613,False
673,28.0,cashier,1,0.0,56.7313171926,False
671,4.0,self,2,0.0,140.748356725,True
660,19.0,self,0,0.0,376.96378041,False
675,26.0,cashier,2,0.0,86.4856355603,False
677,25.0,cashier,0,0.0,75.6254839333,False
676,2.0,self,2,52.5426302178,56.1278828901,False
679,8.0,cashier,0,0.0,24.2001548586,False
656,14.0,self,1,377.346542449,353.50596296,False
678,3.0,self,2,12.5274763244,117.109108074,False
657,2.0,self,1,635.974011367,31.6939110776,False
681,10.0,cashier,0,0.0,30.2501935733,False
674,4.0,self,0,67.9473836867,203.971541424,False
682,23.0,cashier,0,0.0,69.5754452186,False
684,20.0,cashier,1,0.0,40.5223694233,False
683,6.0,self,0,0.0,98.3079556617,False
685,23.0,cashier,2,0.0,76.5065237649,False
680,3.0,self,1,57.3321824576,181.57490707,False
687,2.0,self,0,0.0,44.8996565742,False
692,13.0,cashier,1,0.0,26.3395401251,False
690,23.0,cashier,0,0.0,69.5754452186,False
695,23.0,cashier,1,0.0,46.6007248368,False
696,23.0,cashier,3,0.0,43.8083293573,False
694,27.0,cashier,0,0.0,81.6755226479,False
693,33.0,cashier,2,0.0,109.77022975,False
697,30.0,cashier,4,0.0,95.292685866,False
700,10.0,cashier,0,0.0,30.2501935733,False
689,3.0,self,1,0.0,221.745141166,True
686,17.0,self,2,0.0,379.845014183,False
703,22.0,cashier,1,0.0,44.5746063656,False
706,7.0,cashier,4,0.0,22.2349600354,False
708,6.0,cashier,1,0.623077136268,12.156710827,False
705,24.0,cashier,3,0.0,45.7130393294,False
712,5.0,cashier,1,0.0,10.1305923558,False
702,33.0,cashier,0,0.0,99.8256387919,False
704,29.0,cashier,2,0.0,96.4647473557,False
707,22.0,cashier,0,41.702729668,66.5504258613,False
691,4.0,self,2,252.928258762,133.096248895,False
715,21.0,cashier,1,0.0,42.5484878944,False
688,20.0,self,0,41.1088964894,460.642212276,True
709,4.0,self,1,0.0,168.738764508,False
699,1,self,0,306.564031546,37.5492770324,False
720,24.0,cashier,1,0.0,48.6268433079,False
718,30.0,cashier,0,0.0,90.7505807199,False
723,5.0,cashier,1,0.0,10.1305923558,False
698,3.0,self,2,286.178220117,132.650466176,True
719,4.0,self,1,38.9240868854,109.730198155,True
722,23.0,cashier,2,0.0,76.5065237649,False
726,6.0,cashier,3,0.0,11.4282598323,False
725,26.0,cashier,1,0.0,52.6790802502,False
728,19.0,cashier,3,0.0,36.1894894691,False
724,35.0,cashier,0,0.0,105.875677507,False
727,19.0,cashier,2,0.0,63.201041371,False
729,28.0,cashier,4,0.0,88.9398401416,False
731,6.0,cashier,0,0.0,18.150116144,False
732,24.0,cashier,1,0.0,48.6268433079,False
710,6.0,self,0,174.201903491,271.491492115,False
733,5.0,cashier,0,0.0,15.1250967867,False
721,8.0,self,1,110.815357261,216.153349446,False
734,38.0,cashier,1,0.0,76.9925019042,False
713,4.0,self,0,403.438472743,106.93352571,False
737,21.0,cashier,0,0.0,63.5254065039,False
738,19.0,cashier,1,0.0,38.4962509521,False
739,7.0,cashier,2,0.0,23.2845941893,False
736,3.0,self,1,0.0,134.378387714,False
740,7.0,cashier,0,0.0,21.1751355013,False
741,14.0,cashier,1,0.0,28.3656585963,False
742,10.0,cashier,2,0.0,33.2637059847,False
701,17.0,self,2,316.589566595,485.221323208,True
714,5.0,self,0,479.942029801,168.673943989,False
743,3.0,self,1,0.0,63.4742304271,False
745,8.0,cashier,0,0.0,24.2001548586,False
711,1,self,2,712.736509433,37.0442103644,True
747,19.0,cashier,1,0.0,38.4962509521,False
717,1,self,2,651.697541277,51.0243442001,True
749,21.0,cashier,2,0.0,69.853782568,False
750,27.0,cashier,1,0.0,54.7051987214,False
748,35.0,cashier,0,0.0,105.875677507,False
716,4.0,self,0,630.533434937,136.993230687,False
751,19.0,cashier,1,0.0,38.4962509521,False
730,1,self,0,536.895793712,30.5344198362,False
755,18.0,cashier,0,0.0,54.4503484319,False
735,3.0,self,2,333.722030121,123.472818623,False
756,30.0,cashier,1,0.0,60.7835541349,False
744,1,self,0,225.587637711,116.57950625,False
759,22.0,cashier,1,0.0,44.5746063656,False
758,25.0,cashier,0,0.0,75.6254839333,False
762,16.0,cashier,1,0.0,32.4178955386,False
746,2.0,self,0,299.06404224,64.2563232239,True
764,30.0,cashier,3,0.0,57.1412991617,False
763,23.0,cashier,2,0.0,76.5065237649,False
765,32.0,cashier,4,0.0,101.64553159,False
767,18.0,cashier,1,0.0,36.4701324809,False
757,4.0,self,2,13.4631684539,245.43732313,False
766,23.0,cashier,0,0.0,69.5754452186,False
768,25.0,cashier,2,0.0,83.1592649619,False
754,3.0,self,0,214.784486576,156.566774563,False
752,4.0,self,1,0.0,417.858528963,False
771,21.0,cashier,0,0.0,63.5254065039,False
760,2.0,self,2,186.914906933,110.253967179,False
775,6.0,cashier,1,0.0,12.156710827,False
774,25.0,cashier,0,0.0,75.6254839333,False
753,6.0,self,1,410.448361349,131.341568174,True
776,26.0,cashier,1,0.0,52.6790802502,False
772,3.0,self,0,0.0,138.401102115,False
777,23.0,cashier,0,0.0,69.5754452186,False
778,16.0,cashier,2,0.0,53.2219295756,False
761,4.0,self,2,276.07095776,154.297804624,False
781,5.0,cashier,4,0.0,15.882114311,False
780,23.0,cashier,1,0.0,46.6007248368,False
779,28.0,cashier,3,0.0,53.3318792176,False
770,4.0,self,1,241.951882558,88.1011173145,False
782,18.0,cashier,0,0.0,54.4503484319,False
769,4.0,self,2,296.416584713,73.3694873542,False
784,1,self,1,0.0,28.5676886388,False
783,3.0,self,0,0.0,71.7050818479,True
786,24.0,cashier,1,0.0,48.6268433079,False
785,26.0,cashier,0,0.0,78.6505032906,False
787,25.0,cashier,1,0.0,50.6529617791,False
788,32.0,cashier,0,0.0,96.8006194346,False
790,29.0,cashier,1,0.0,58.7574356637,False
773,5.0,self,2,247.913410292,228.878227447,True
789,27.0,cashier,2,0.0,89.8120061588,False
796,5.0,cashier,3,0.0,9.52354986029,False
791,1,self,0,0.0,66.1851505478,True
794,24.0,cashier,1,0.0,48.6268433079,False
793,25.0,cashier,0,0.0,75.6254839333,False
795,21.0,cashier,2,0.0,69.853782568,False
797,18.0,cashier,0,0.0,54.4503484319,False
798,28.0,cashier,1,0.0,56.7313171926,False
801,6.0,cashier,0,0.0,18.150116144,False
802,6.0,cashier,0,0.0,18.150116144,False
800,3.0,self,0,0.0,71.5672049474,False
799,33.0,cashier,2,0.0,109.77022975,False
803,24.0,cashier,1,0.0,48.6268433079,False
804,28.0,cashier,3,0.0,53.3318792176,False
806,9.0,cashier,1,0.0,18.2350662405,False
805,21.0,cashier,0,0.0,63.5254065039,False
807,21.0,cashier,2,0.0,69.853782568,False
808,28.0,cashier,1,0.0,56.7313171926,False
809,26.0,cashier,0,0.0,78.6505032906,False
811,27.0,cashier,3,0.0,51.4271692456,False
810,6.0,self,0,0.0,141.248450368,False
813,21.0,cashier,0,0.0,63.5254065039,False
812,3.0,self,2,0.0,85.7581958259,False
814,25.0,cashier,1,0.0,50.6529617791,False
815,3.0,self,2,15.142398977,86.6643144625,True
818,5.0,cashier,2,0.0,16.6318529924,False
816,20.0,cashier,0,0.0,60.5003871466,False
817,29.0,cashier,1,0.0,58.7574356637,False
819,4.0,self,0,0.0,106.036209848,True
825,5.0,cashier,1,0.0,10.1305923558,False
824,23.0,cashier,0,0.0,69.5754452186,False
827,7.0,cashier,2,0.0,23.2845941893,False
826,28.0,cashier,1,0.0,56.7313171926,False
820,4.0,self,2,0.0,182.341402595,True
821,2.0,self,0,75.2307253746,105.095344292,False
792,20.0,self,1,0.0,804.74156112,False
831,30.0,cashier,0,0.0,90.7505807199,False
834,18.0,cashier,3,0.0,34.284779497,False
833,28.0,cashier,1,0.0,56.7313171926,False
835,7.0,cashier,4,0.0,22.2349600354,False
832,32.0,cashier,2,0.0,106.443859151,False
837,9.0,cashier,1,0.0,18.2350662405,False
838,5.0,cashier,2,0.0,16.6318529924,False
836,27.0,cashier,0,0.0,81.6755226479,False
839,32.0,cashier,3,0.0,60.9507191058,False
840,23.0,cashier,4,0.0,73.0577258306,False
842,7.0,cashier,0,0.0,21.1751355013,False
843,6.0,cashier,1,0.0,12.156710827,False
822,4.0,self,2,152.798853134,300.865268211,False
828,4.0,self,2,354.765287242,84.6542211824,False
841,4.0,self,1,0.0,191.836206387,True
847,6.0,cashier,2,0.0,19.9582235908,False
830,1,self,2,423.669527863,43.7104846574,False
846,30.0,cashier,1,0.0,60.7835541349,False
845,26.0,cashier,0,0.0,78.6505032906,False
848,23.0,cashier,2,0.0,76.5065237649,False
823,20.0,self,0,164.178667648,522.243635476,True
850,4.0,self,2,0.0,68.0872565368,False
829,2.0,self,0,578.664280465,65.6835463845,True
853,20.0,cashier,1,0.0,40.5223694233,False
851,31.0,cashier,0,0.0,93.7756000772,False
844,1.0,self,0,291.753129798,53.1959394569,True
855,21.0,cashier,3,0.0,39.9989094132,False
858,8.0,cashier,1,0.0,16.2089477693,False
852,3.0,self,2,19.1983903609,92.045559187,False
854,31.0,cashier,2,0.0,103.117488553,False
859,27.0,cashier,3,0.0,51.4271692456,False
856,2.0,self,2,53.9508115559,42.2866358648,False
857,28.0,cashier,0,0.0,84.7005420052,False
860,32.0,cashier,1,0.0,64.8357910772,False
861,7.0,cashier,0,0.0,21.1751355013,False
864,5.0,cashier,1,0.0,10.1305923558,False
862,21.0,cashier,2,0.0,69.853782568,False
863,19.0,cashier,0,0.0,57.4753677893,False
865,28.0,cashier,1,0.0,56.7313171926,False
867,7.0,cashier,0,0.0,21.1751355013,False
866,1,self,0,0.0,47.5707890244,False
868,9.0,cashier,0,0.0,27.225174216,False
871,5.0,cashier,0,0.0,15.1250967867,False
872,1,self,2,0.0,15.7985823679,False
870,26.0,cashier,1,0.0,52.6790802502,False
869,2.0,self,0,0.0,69.1688136015,False
849,18.0,self,1,0.0,550.272647642,False
875,5.0,cashier,1,0.0,10.1305923558,False
873,25.0,cashier,0,0.0,75.6254839333,False
877,10.0,cashier,0,0.0,30.2501935733,False
874,3.0,self,0,0.0,101.735797836,True
880,9.0,cashier,1,0.0,18.2350662405,False
883,6.0,cashier,3,0.0,11.4282598323,False
885,7.0,cashier,3,0.0,13.3329698044,False
881,22.0,cashier,2,0.0,73.1801531664,False
878,34.0,cashier,0,0.0,102.850658149,False
879,4.0,self,0,0.0,83.3873017374,False
882,35.0,cashier,1,0.0,70.9141464907,False
876,2.0,self,1,0.0,154.196565896,False
887,13.0,cashier,1,0.0,26.3395401251,False
886,18.0,cashier,0,0.0,54.4503484319,False
889,5.0,cashier,0,0.0,15.1250967867,False
890,18.0,cashier,1,0.0,36.4701324809,False
891,1.0,self,1,0.0,16.9662621265,False
893,5.0,cashier,1,0.0,10.1305923558,False
884,4.0,self,2,0.0,175.097466566,False
894,6.0,cashier,1,0.0,12.156710827,False
892,23.0,cashier,0,0.0,69.5754452186,False
895,8.0,cashier,0,0.0,24.2001548586,False
897,8.0,cashier,0,0.0,24.2001548586,False
896,19.0,cashier,1,0.0,38.4962509521,False
888,14.0,self,0,0.0,232.107034623,False
898,4.0,self,1,0.0,60.8212581056,False
901,5.0,cashier,0,0.0,15.1250967867,False
902,5.0,cashier,1,0.0,10.1305923558,False
899,21.0,cashier,2,0.0,69.853782568,False
903,1,self,0,0.0,16.3361272923,False
900,4.0,self,2,0.0,103.710490458,True
905,25.0,cashier,1,0.0,50.6529617791,False
904,30.0,cashier,0,0.0,90.7505807199,False
909,1,self,2,0.0,40.0997775823,False
907,25.0,cashier,2,0.0,83.1592649619,False
908,1,self,1,0.0,54.2713505399,False
906,7.0,self,0,0.0,167.212475328,False
911,6.0,cashier,0,0.0,18.150116144,False
910,2.0,self,1,0.0,116.724609563,False
913,19.0,cashier,1,0.0,38.4962509521,False
912,23.0,cashier,0,0.0,69.5754452186,False
916,1.0,self,1,0.0,28.4982254063,False
915,21.0,cashier,0,0.0,63.5254065039,False
918,5.0,cashier,2,0.0,16.6318529924,False
917,22.0,cashier,1,0.0,44.5746063656,False
920,5.0,cashier,0,0.0,15.1250967867,False
919,3.0,self,1,0.0,52.8525509392,False
914,7.0,self,0,0.0,236.120765157,True
922,1,self,1,0.0,46.1671196876,False
921,3.0,self,2,0.0,130.92625327,True
925,1.0,self,1,0.0,33.2016223954,True
923,3.0,self,0,26.1536684409,70.0455315425,True
928,9.0,cashier,1,0.0,18.2350662405,False
929,1,self,0,0.0,18.6635072798,False
926,30.0,cashier,0,0.0,90.7505807199,False
930,3.0,self,0,0.0,69.2774907339,True
932,10.0,cashier,0,0.0,30.2501935733,False
935,5.0,cashier,0,0.0,15.1250967867,False
934,1,self,0,0.0,28.4859094211,False
933,22.0,cashier,1,0.0,44.5746063656,False
936,24.0,cashier,2,0.0,79.8328943634,False
938,17.0,cashier,1,0.0,34.4440140098,False
937,30.0,cashier,0,0.0,90.7505807199,False
931,4.0,self,1,0.0,172.82691594,True
939,22.0,cashier,1,0.0,44.5746063656,False
924,5.0,self,2,56.3850451234,285.345417582,True
941,8.0,cashier,2,0.0,26.6109647878,False
942,16.0,cashier,3,0.0,30.4753595529,False
940,26.0,cashier,0,0.0,78.6505032906,False
943,33.0,cashier,1,0.0,66.8619095484,False
927,4.0,self,2,279.298941519,161.828577155,True
946,17.0,cashier,1,0.0,34.4440140098,False
947,7.0,cashier,2,0.0,23.2845941893,False
944,28.0,cashier,0,0.0,84.7005420052,False
945,5.0,self,0,0.0,94.3025905963,False
950,5.0,cashier,0,0.0,15.1250967867,False
951,5.0,self,2,0.0,96.4584183197,False
948,3.0,self,1,0.0,174.872042374,True
952,31.0,cashier,0,0.0,93.7756000772,False
954,10.0,cashier,2,0.0,33.2637059847,False
953,26.0,cashier,1,0.0,52.6790802502,False
955,21.0,cashier,3,0.0,39.9989094132,False
949,7.0,self,0,0.0,266.978390092,False
957,33.0,cashier,1,0.0,66.8619095484,False
956,34.0,cashier,0,0.0,102.850658149,False
958,24.0,cashier,2,0.0,79.8328943634,False
961,4.0,self,2,0.0,75.0221743809,False
959,4.0,self,1,0.0,133.223365888,True
964,22.0,cashier,1,0.0,44.5746063656,False
963,29.0,cashier,0,0.0,87.7255613626,False
960,4.0,self,0,0.0,195.175939911,True
966,21.0,cashier,2,0.0,69.853782568,False
968,27.0,cashier,1,0.0,54.7051987214,False
969,19.0,cashier,0,0.0,57.4753677893,False
971,26.0,cashier,1,0.0,52.6790802502,False
965,6.0,self,1,0.0,173.970344332,False
970,24.0,cashier,2,0.0,79.8328943634,False
967,7.0,self,2,0.0,162.047306904,True
972,27.0,cashier,0,0.0,81.6755226479,False
974,5.0,cashier,1,0.0,10.1305923558,False
973,8.0,cashier,0,0.0,24.2001548586,False
962,19.0,self,0,179.077469038,305.506873216,False
978,5.0,cashier,1,0.0,10.1305923558,False
975,1,self,1,0.0,73.0364423033,False
977,21.0,cashier,0,0.0,63.5254065039,False
980,25.0,cashier,1,0.0,50.6529617791,False
979,4.0,self,0,0.0,114.354874721,False
981,24.0,cashier,0,0.0,72.6004645759,False
982,1,self,1,0.0,58.0187525389,False
984,4.0,self,0,5.60178295458,75.2926083703,True
983,4.0,self,1,40.803320173,69.2439121852,False
988,7.0,cashier,0,0.0,21.1751355013,False
989,18.0,cashier,1,0.0,36.4701324809,False
990,15.0,cashier,2,0.0,49.8955589771,False
987,4.0,self,0,0.0,109.959782193,False
976,7.0,self,2,0.0,406.919745602,False
992,18.0,cashier,0,0.0,54.4503484319,False
993,11.0,cashier,1,0.0,22.2873031828,False
995,19.0,cashier,1,0.0,38.4962509521,False
994,25.0,cashier,0,0.0,75.6254839333,False
996,24.0,cashier,1,0.0,48.6268433079,False
998,6.0,cashier,0,0.0,18.150116144,False
997,2.0,self,0,0.0,62.7983380748,False
999,30.0,cashier,1,0.0,60.7835541349,False
1000,4.0,self,0,0.0,107.25738028,False
1001,29.0,cashier,0,0.0,87.7255613626,False
1002,33.0,cashier,1,0.0,66.8619095484,False
1003,23.0,cashier,2,0.0,76.5065237649,False
1007,6.0,cashier,2,0.0,19.9582235908,False
1006,23.0,cashier,3,0.0,43.8083293573,False
1004,21.0,cashier,0,0.0,63.5254065039,False
1008,7.0,cashier,2,0.0,23.2845941893,False
1005,32.0,cashier,1,0.0,64.8357910772,False
1010,15.0,cashier,3,0.0,28.5706495809,False
1009,21.0,cashier,4,0.0,66.7048801062,False
1014,5.0,cashier,1,0.0,10.1305923558,False
1013,19.0,cashier,0,0.0,57.4753677893,False
1016,5.0,cashier,0,0.0,15.1250967867,False
1012,2.0,self,2,0.0,143.282575275,True
1017,9.0,cashier,0,0.0,27.225174216,False
1019,26.0,cashier,1,0.0,52.6790802502,False
1023,5.0,cashier,1,0.0,10.1305923558,False
1020,24.0,cashier,2,0.0,79.8328943634,False
1015,4.0,self,2,37.1498120444,146.944115545,True
1021,20.0,cashier,0,0.0,60.5003871466,False
1026,31.0,cashier,0,0.0,93.7756000772,False
1028,23.0,cashier,1,0.0,46.6007248368,False
1024,3.0,self,2,23.3845157006,180.973337978,True
1030,6.0,cashier,1,0.0,12.156710827,False
1029,28.0,cashier,0,0.0,84.7005420052,False
1032,27.0,cashier,1,0.0,54.7051987214,False
1033,24.0,cashier,0,0.0,72.6004645759,False
1034,25.0,cashier,2,0.0,83.1592649619,False
1031,3.0,self,2,0.0,177.909601571,True
1040,6.0,cashier,2,0.0,19.9582235908,False
1039,21.0,cashier,1,0.0,42.5484878944,False
985,16.0,self,1,89.4139152505,1335.34745972,True
1038,29.0,cashier,0,0.0,87.7255613626,False
1011,20.0,self,0,0.0,754.275272565,False
1041,6.0,cashier,0,0.0,18.150116144,False
986,5.0,self,1,1355.04178585,87.6971886176,False
1022,6.0,self,0,506.912317919,134.208949331,True
1042,21.0,cashier,0,0.0,63.5254065039,False
1045,21.0,cashier,3,0.0,39.9989094132,False
1043,25.0,cashier,1,0.0,50.6529617791,False
1044,27.0,cashier,2,0.0,89.8120061588,False
1046,23.0,cashier,4,0.0,73.0577258306,False
991,3.0,self,1,1366.92994385,172.001389847,False
1025,5.0,self,0,580.621968571,117.04538454,True
1018,1,self,1,808.526294632,30.5117609259,True
1047,23.0,cashier,0,0.0,69.5754452186,False
1048,29.0,cashier,1,0.0,58.7574356637,False
1035,4.0,self,1,407.105041807,129.987609718,True
1050,6.0,cashier,0,0.0,18.150116144,False
1027,9.0,self,0,670.589715036,193.407007454,False
1051,31.0,cashier,1,0.0,62.8096726061,False
1036,3.0,self,1,532.03684248,71.2574039814,True
1053,18.0,cashier,2,0.0,59.8746707725,False
1037,2.0,self,0,564.16048282,49.1506547974,True
1052,32.0,cashier,0,0.0,96.8006194346,False
1049,2.0,self,2,0.0,137.715777842,True
1056,1,self,0,0.0,50.7330999175,True
1055,27.0,cashier,0,0.0,81.6755226479,False
1058,33.0,cashier,1,0.0,66.8619095484,False
1054,5.0,self,1,0.0,151.367197024,True
1060,24.0,cashier,2,0.0,79.8328943634,False
1064,18.0,cashier,1,0.0,36.4701324809,False
1066,6.0,cashier,2,0.0,19.9582235908,False
1063,26.0,cashier,0,0.0,78.6505032906,False
1068,23.0,cashier,3,0.0,43.8083293573,False
1070,5.0,cashier,0,0.0,15.1250967867,False
1057,7.0,self,2,0.0,226.696961052,True
1061,4.0,self,1,29.8084913354,139.774823643,True
1072,9.0,cashier,0,0.0,27.225174216,False
1062,2.0,self,2,149.713683304,48.4955587036,False
1059,3.0,self,0,0.265980659537,232.665134374,True
1074,5.0,cashier,0,0.0,15.1250967867,False
1073,27.0,cashier,1,0.0,54.7051987214,False
1067,2.0,self,1,92.1692958447,75.5543926187,False
1076,8.0,cashier,0,0.0,24.2001548586,False
1075,19.0,cashier,2,0.0,63.201041371,False
1079,8.0,cashier,1,0.0,16.2089477693,False
1077,2.0,self,1,5.44473005326,60.780402231,False
1080,7.0,cashier,1,0.0,14.1828292981,False
1065,3.0,self,2,138.012255881,125.171032667,False
1082,6.0,cashier,2,0.0,19.9582235908,False
1078,26.0,cashier,0,0.0,78.6505032906,False
1081,31.0,cashier,1,0.0,62.8096726061,False
1083,23.0,cashier,3,0.0,43.8083293573,False
1085,1,self,2,0.0,65.1985557543,True
1069,6.0,self,0,118.473104132,215.814569503,True
1088,18.0,cashier,1,0.0,36.4701324809,False
1086,26.0,cashier,0,0.0,78.6505032906,False
1090,1,self,2,0.0,22.1250514879,False
1091,6.0,cashier,1,0.0,12.156710827,False
1071,5.0,self,0,292.422686952,110.042251936,True
1089,29.0,cashier,0,0.0,87.7255613626,False
1092,4.0,self,2,0.0,151.071954635,True
1094,31.0,cashier,0,0.0,93.7756000772,False
1096,26.0,cashier,1,0.0,52.6790802502,False
1097,22.0,cashier,2,0.0,73.1801531664,False
1084,4.0,self,1,0.0,372.571119925,False
1087,2.0,self,1,335.787311241,35.2928222473,False
1099,17.0,cashier,1,0.0,34.4440140098,False
1098,27.0,cashier,0,0.0,81.6755226479,False
1093,4.0,self,0,0.0,328.589961389,False
1101,29.0,cashier,0,0.0,87.7255613626,False
1103,25.0,cashier,1,0.0,50.6529617791,False
1106,15.0,cashier,3,0.0,28.5706495809,False
1105,15.0,cashier,0,0.0,45.37529036,False
1104,29.0,cashier,2,0.0,96.4647473557,False
1102,4.0,self,2,0.0,169.249986272,True
1110,9.0,cashier,1,0.0,18.2350662405,False
1109,27.0,cashier,0,0.0,81.6755226479,False
1115,7.0,cashier,4,0.0,22.2349600354,False
1112,30.0,cashier,3,0.0,57.1412991617,False
1100,5.0,self,1,0.0,270.710139363,False
1114,26.0,cashier,1,0.0,52.6790802502,False
1113,4.0,self,2,0.0,65.1350944076,False
1111,28.0,cashier,2,0.0,93.1383767573,False
1118,20.0,cashier,0,0.0,60.5003871466,False
1120,6.0,cashier,2,0.0,19.9582235908,False
1119,28.0,cashier,1,0.0,56.7313171926,False
1122,8.0,cashier,0,0.0,24.2001548586,False
1108,5.0,self,1,109.806075645,103.29731939,True
1124,28.0,cashier,0,0.0,84.7005420052,False
1126,27.0,cashier,1,0.0,54.7051987214,False
1116,3.0,self,1,107.326661417,142.321349872,False
1130,5.0,cashier,0,0.0,15.1250967867,False
1127,2.0,self,1,44.3354341747,44.7991809644,False
1095,15.0,self,0,275.559432124,506.503588739,False
1107,1,self,0,459.096872242,16.1229426004,False
1133,24.0,cashier,1,0.0,48.6268433079,False
1132,23.0,cashier,0,0.0,69.5754452186,False
1134,9.0,cashier,2,0.0,29.9373353863,False
1136,6.0,cashier,0,0.0,18.150116144,False
1128,2.0,self,1,85.5471755253,114.030908223,True
1117,1,self,0,333.229825219,78.2079469981,False
1137,18.0,cashier,1,0.0,36.4701324809,False
1139,7.0,cashier,1,0.0,14.1828292981,False
1138,22.0,cashier,0,0.0,66.5504258613,False
1125,5.0,self,0,232.18809054,91.9819867488,True
1142,7.0,cashier,0,0.0,21.1751355013,False
1129,1,self,0,283.46658831,25.2741378826,False
1140,17.0,cashier,2,0.0,56.5483001741,False
1143,3.0,self,0,11.7587980035,53.7312177541,False
1144,2.0,self,0,41.2227881915,48.6267430342,False
1149,25.0,cashier,1,0.0,50.6529617791,False
1147,32.0,cashier,0,0.0,96.8006194346,False
1131,20.0,self,1,108.783171831,313.630421213,False
1146,3.0,self,0,42.3334540548,89.7596342966,True
1151,21.0,cashier,3,0.0,39.9989094132,False
1150,25.0,cashier,2,0.0,83.1592649619,False
1153,5.0,cashier,1,0.0,10.1305923558,False
1152,27.0,cashier,0,0.0,81.6755226479,False
1156,5.0,cashier,1,0.0,10.1305923558,False
1155,25.0,cashier,0,0.0,75.6254839333,False
1148,7.0,self,0,96.7900407725,231.88237224,False
1158,5.0,cashier,1,0.0,10.1305923558,False
1157,20.0,cashier,0,0.0,60.5003871466,False
1121,19.0,self,2,0.0,926.469348532,True
1154,4.0,self,1,0.0,183.549248198,False
1160,18.0,cashier,1,0.0,36.4701324809,False
1159,23.0,cashier,2,0.0,76.5065237649,False
1161,5.0,cashier,0,0.0,15.1250967867,False
1165,5.0,cashier,0,0.0,15.1250967867,False
1162,29.0,cashier,1,0.0,58.7574356637,False
1170,5.0,cashier,3,0.0,9.52354986029,False
1167,25.0,cashier,1,0.0,50.6529617791,False
1166,21.0,cashier,0,0.0,63.5254065039,False
1164,4.0,self,1,0.0,114.820607152,False
1169,18.0,cashier,2,0.0,59.8746707725,False
1123,4.0,self,2,891.970636133,199.10392358,False
1175,5.0,cashier,1,0.0,10.1305923558,False
1177,5.0,cashier,3,0.0,9.52354986029,False
1173,26.0,cashier,0,0.0,78.6505032906,False
1168,4.0,self,1,58.7280746565,85.8303842252,True
1163,3.0,self,0,0.0,226.273967324,True
1179,5.0,cashier,0,0.0,15.1250967867,False
1176,27.0,cashier,2,0.0,89.8120061588,False
1180,17.0,cashier,0,0.0,51.4253290746,False
1172,6.0,self,1,122.57590653,131.068964334,True
1171,4.0,self,0,140.11308104,137.782881691,True
1181,32.0,cashier,1,0.0,64.8357910772,False
1174,2.0,self,0,216.234167842,33.5369770622,False
1183,27.0,cashier,2,0.0,89.8120061588,False
1178,1,self,0,193.446890605,30.9296117006,False
1184,1,self,0,83.4360085944,36.3154500698,True
1186,22.0,cashier,0,0.0,66.5504258613,False
1182,3.0,self,1,34.8947560611,131.843631338,True
1188,33.0,cashier,1,0.0,66.8619095484,False
1187,2.0,self,1,70.1075652956,47.976713937,True
1192,10.0,cashier,1,0.0,20.2611847116,False
1191,19.0,cashier,0,0.0,57.4753677893,False
1135,4.0,self,2,812.085825965,402.676103887,False
1189,33.0,cashier,2,0.0,109.77022975,False
1194,30.0,cashier,3,0.0,57.1412991617,False
1195,23.0,cashier,0,0.0,69.5754452186,False
1196,3.0,self,1,0.0,62.4678959265,True
1198,5.0,cashier,0,0.0,15.1250967867,False
1141,5.0,self,2,1112.48467194,143.879414087,True
1190,4.0,self,0,0.0,211.886443612,False
1200,8.0,cashier,0,0.0,24.2001548586,False
1201,5.0,cashier,1,0.0,10.1305923558,False
1199,3.0,self,1,0.0,66.1910719723,False
1202,6.0,cashier,0,0.0,18.150116144,False
1145,3.0,self,2,1147.1210542,177.145228877,False
1185,1,self,2,489.289641026,31.439128723,False
1204,2.0,self,1,0.0,82.3292413297,True
1206,6.0,cashier,0,0.0,18.150116144,False
1203,4.0,self,0,0.0,154.56464909,False
1207,1,self,1,0.0,32.2885091423,True
1193,2.0,self,2,376.036995027,48.7792286695,True
1208,20.0,cashier,0,0.0,60.5003871466,False
1209,26.0,cashier,1,0.0,52.6790802502,False
1205,3.0,self,0,81.2941238995,85.9130239276,True
1197,4.0,self,2,369.091637683,78.2449557531,True
1211,21.0,cashier,0,0.0,63.5254065039,False
1213,1,self,0,0.0,15.4691916473,False
1210,35.0,cashier,2,0.0,116.422970947,False
1217,7.0,cashier,2,0.0,23.2845941893,False
1216,27.0,cashier,1,0.0,54.7051987214,False
1219,19.0,cashier,3,0.0,36.1894894691,False
1215,26.0,cashier,0,0.0,78.6505032906,False
1214,4.0,self,2,0.0,122.74562319,True
1220,21.0,cashier,2,0.0,69.853782568,False
1223,24.0,cashier,1,0.0,48.6268433079,False
1221,28.0,cashier,4,0.0,88.9398401416,False
1225,9.0,cashier,2,11.0271538921,29.9373353863,False
1224,26.0,cashier,3,0.0,49.5224592735,False
1222,27.0,cashier,0,0.0,81.6755226479,False
1226,7.0,cashier,0,0.0,21.1751355013,False
1227,1,self,2,0.0,20.795008316,False
1212,5.0,self,1,0.0,317.11439489,True
1231,7.0,cashier,1,0.0,14.1828292981,False
1229,5.0,self,1,0.0,78.9118754931,False
1228,32.0,cashier,0,0.0,96.8006194346,False
1233,1,self,1,0.0,54.5103063273,True
1230,4.0,self,2,0.0,142.02189908,True
1234,36.0,cashier,0,0.0,108.900696864,False
1236,15.0,cashier,1,0.0,30.3917770674,False
1237,16.0,cashier,0,0.0,48.4003097173,False
1235,3.0,self,1,0.0,91.6994227122,False
1243,5.0,cashier,2,0.0,16.6318529924,False
1242,24.0,cashier,1,0.0,48.6268433079,False
1241,24.0,cashier,0,0.0,72.6004645759,False
1232,3.0,self,2,88.0222425402,267.5643467,True
1247,12.0,cashier,1,0.0,24.313421654,False
1246,26.0,cashier,3,0.0,49.5224592735,False
1245,21.0,cashier,2,0.0,69.853782568,False
1238,1,self,2,170.559063233,88.0031582295,False
1251,6.0,cashier,1,0.0,12.156710827,False
1249,26.0,cashier,0,0.0,78.6505032906,False
1218,15.0,self,0,0.0,817.379483776,True
1239,4.0,self,1,0.715341855666,299.759930752,True
1248,3.0,self,2,46.2517927977,102.683532983,False
1253,18.0,cashier,0,0.0,54.4503484319,False
1250,3.0,self,2,87.0936143677,78.1139208255,True
1252,4.0,self,1,0.0,106.095542426,False
1256,7.0,cashier,0,0.0,21.1751355013,False
1258,6.0,cashier,1,0.0,12.156710827,False
1254,2.0,self,1,48.3386788369,67.8597490264,True
1240,5.0,self,0,259.65972832,216.549455437,False
1255,3.0,self,2,0.0,95.7873597787,False
1257,23.0,cashier,0,0.0,69.5754452186,False
1259,25.0,cashier,1,0.0,50.6529617791,False
1262,21.0,cashier,1,0.0,42.5484878944,False
1261,20.0,cashier,0,0.0,60.5003871466,False
1260,4.0,self,1,2.30184588616,78.3760160894,False
1244,1,self,0,399.655583375,112.160464268,False
1265,5.0,cashier,0,0.0,15.1250967867,False
1266,17.0,cashier,0,0.0,51.4253290746,False
1263,4.0,self,2,0.0,120.905658892,False
1264,5.0,self,1,0.0,108.971922954,True
1267,22.0,cashier,0,0.0,66.5504258613,False
1268,4.0,self,0,0.0,65.1016953952,False
1271,6.0,cashier,2,0.0,19.9582235908,False
1269,24.0,cashier,1,0.0,48.6268433079,False
1273,32.0,cashier,3,0.0,60.9507191058,False
1270,26.0,cashier,0,0.0,78.6505032906,False
1272,4.0,self,0,0.0,87.6423935664,False
1276,1,self,1,0.0,47.6563789796,False
1274,31.0,cashier,2,0.0,103.117488553,False
1275,29.0,cashier,1,0.0,58.7574356637,False
1277,21.0,cashier,0,0.0,63.5254065039,False
1278,31.0,cashier,1,0.0,62.8096726061,False
1280,9.0,cashier,1,0.0,18.2350662405,False
1279,25.0,cashier,0,0.0,75.6254839333,False
1282,22.0,cashier,1,0.0,44.5746063656,False
1284,28.0,cashier,3,0.0,53.3318792176,False
1285,21.0,cashier,4,0.0,66.7048801062,False
1281,32.0,cashier,2,0.0,106.443859151,False
1286,14.0,cashier,0,0.0,42.3502710026,False
1288,1,self,2,0.0,33.0378983795,True
1292,33.0,cashier,1,0.0,66.8619095484,False
1287,5.0,self,1,0.0,143.954023634,False
1291,38.0,cashier,0,0.0,114.950735579,False
1293,4.0,self,2,0.0,115.087688966,True
1283,5.0,self,0,0.0,317.296246553,False
1290,3.0,self,1,115.833072872,114.555357937,False
1296,27.0,cashier,0,0.0,81.6755226479,False
1294,1,self,1,115.825832116,21.1394723236,False
1298,32.0,cashier,1,0.0,64.8357910772,False
1295,2.0,self,1,118.072818883,53.1856146132,True
1299,18.0,cashier,0,0.0,54.4503484319,False
1289,4.0,self,0,210.399299224,134.562133437,True
1300,35.0,cashier,1,0.0,70.9141464907,False
1304,9.0,cashier,1,0.0,18.2350662405,False
1301,28.0,cashier,0,0.0,84.7005420052,False
1303,26.0,cashier,2,0.0,86.4856355603,False
1305,33.0,cashier,3,0.0,62.8554290779,False
1308,7.0,cashier,0,0.0,21.1751355013,False
1306,25.0,cashier,4,0.0,79.410571555,False
1297,7.0,self,0,169.571001699,143.355612978,False
1302,4.0,self,1,0.0,160.126187815,True
1313,7.0,cashier,2,0.0,23.2845941893,False
1312,17.0,cashier,1,0.0,34.4440140098,False
1314,21.0,cashier,3,0.0,39.9989094132,False
1311,24.0,cashier,0,0.0,72.6004645759,False
1309,2.0,self,1,39.4854182556,69.2370165722,True
1315,4.0,self,0,0.0,75.7401388397,False
1319,17.0,cashier,1,0.0,34.4440140098,False
1317,25.0,cashier,2,0.0,83.1592649619,False
1320,22.0,cashier,3,0.0,41.9036193853,False
1318,24.0,cashier,0,0.0,72.6004645759,False
1322,8.0,cashier,1,0.0,16.2089477693,False
1307,6.0,self,2,0.0,281.66674854,True
1321,4.0,self,0,0.0,124.089485463,True
1326,7.0,cashier,0,0.0,21.1751355013,False
1327,27.0,cashier,1,0.0,54.7051987214,False
1310,2.0,self,2,220.15432932,100.9613156,True
1328,3.0,self,0,0.0,66.2706301565,False
1323,8.0,self,1,0.0,196.490950182,False
1316,4.0,self,2,278.396818611,116.546759775,False
1325,2.0,self,1,143.211806202,139.525435229,False
1332,34.0,cashier,0,0.0,102.850658149,False
1330,5.0,self,0,0.0,199.969036359,True
1336,23.0,cashier,1,0.0,46.6007248368,False
1324,3.0,self,2,228.946044203,161.502573902,False
1331,4.0,self,0,164.254324836,74.3769500108,False
1329,1,self,2,272.64986666,32.3345518225,True
1337,27.0,cashier,0,0.0,81.6755226479,False
1333,3.0,self,1,71.9129394319,132.945802839,False
1339,15.0,cashier,1,0.0,30.3917770674,False
1340,8.0,cashier,0,0.0,24.2001548586,False
1334,2.0,self,1,194.216351499,57.0198887472,True
1343,9.0,cashier,2,0.0,29.9373353863,False
1342,23.0,cashier,1,0.0,46.6007248368,False
1341,19.0,cashier,0,0.0,57.4753677893,False
1344,33.0,cashier,3,0.0,62.8554290779,False
1335,3.0,self,2,153.922169256,140.100011062,False
1345,23.0,cashier,2,0.0,76.5065237649,False
1349,17.0,cashier,3,0.0,32.380069525,False
1346,3.0,self,0,0.0,77.6211743684,False
1348,23.0,cashier,1,0.0,46.6007248368,False
1347,22.0,cashier,0,0.0,66.5504258613,False
1351,17.0,cashier,4,0.0,53.9991886574,False
1338,4.0,self,2,159.488132838,118.993855894,True
1350,4.0,self,1,0.0,116.551631807,False
1354,8.0,cashier,0,0.0,24.2001548586,False
1355,30.0,cashier,1,0.0,60.7835541349,False
1357,14.0,cashier,0,0.0,42.3502710026,False
1356,27.0,cashier,2,0.0,89.8120061588,False
1358,21.0,cashier,3,0.0,39.9989094132,False
1361,5.0,cashier,1,0.0,10.1305923558,False
1364,7.0,cashier,3,0.0,13.3329698044,False
1362,26.0,cashier,1,0.0,52.6790802502,False
1360,33.0,cashier,0,0.0,99.8256387919,False
1365,9.0,cashier,4,0.0,28.5878057598,False
1366,1,self,2,0.0,24.0594285517,False
1359,3.0,self,1,0.0,163.641166264,False
1363,29.0,cashier,2,0.0,96.4647473557,False
1368,1,self,2,0.0,64.9508501977,False
1367,25.0,cashier,0,0.0,75.6254839333,False
1352,15.0,self,0,0.0,297.481494946,False
1370,6.0,cashier,0,0.0,18.150116144,False
1369,21.0,cashier,1,0.0,42.5484878944,False
1353,1,self,0,281.327826239,43.1768825192,True
1373,5.0,cashier,0,0.0,15.1250967867,False
1372,2.0,self,2,0.0,60.7733192102,True
1371,3.0,self,1,0.0,86.4238478017,True
1374,27.0,cashier,1,0.0,54.7051987214,False
1376,19.0,cashier,0,0.0,57.4753677893,False
1378,24.0,cashier,0,0.0,72.6004645759,False
1377,3.0,self,1,0.0,121.722681539,False
1379,32.0,cashier,1,0.0,64.8357910772,False
1382,26.0,cashier,3,0.0,49.5224592735,False
1380,19.0,cashier,2,0.0,63.201041371,False
1385,7.0,cashier,1,0.0,14.1828292981,False
1381,4.0,self,2,0.0,99.4621506382,False
1386,18.0,cashier,1,0.0,36.4701324809,False
1384,24.0,cashier,0,0.0,72.6004645759,False
1387,3.0,self,1,0.0,55.4082112598,False
1383,2.0,self,2,75.5591676797,53.0543033412,False
1391,15.0,cashier,0,0.0,45.37529036,False
1392,22.0,cashier,1,0.0,44.5746063656,False
1393,30.0,cashier,3,0.0,57.1412991617,False
1388,39.0,cashier,2,0.0,129.72845334,False
1390,3.0,self,2,30.349262095,73.2808337627,False
1394,22.0,cashier,4,0.0,69.8813029684,False
1395,18.0,cashier,0,0.0,54.4503484319,False
1396,23.0,cashier,1,0.0,46.6007248368,False
1389,7.0,self,1,22.247996504,202.304528868,False
1398,19.0,cashier,0,0.0,57.4753677893,False
1399,7.0,cashier,1,0.0,14.1828292981,False
1397,3.0,self,2,0.0,92.1669260867,False
1406,5.0,cashier,4,0.0,15.882114311,False
1403,24.0,cashier,1,0.0,48.6268433079,False
1402,20.0,cashier,0,0.0,60.5003871466,False
1405,23.0,cashier,3,0.0,43.8083293573,False
1407,6.0,cashier,1,18.2318722882,12.156710827,False
1409,5.0,cashier,0,0.0,15.1250967867,False
1404,33.0,cashier,2,0.0,109.77022975,False
1408,8.0,cashier,2,75.6198274766,26.6109647878,False
1400,4.0,self,1,0.0,174.857166129,True
1401,1,self,1,164.957510361,22.0904978079,False
1412,22.0,cashier,1,0.0,44.5746063656,False
1411,22.0,cashier,0,0.0,66.5504258613,False
1410,2.0,self,2,0.0,71.5715039853,False
1414,9.0,cashier,0,0.0,27.225174216,False
1413,2.0,self,2,25.7663073975,37.7881411942,False
1416,5.0,cashier,0,0.0,15.1250967867,False
1417,5.0,cashier,0,0.0,15.1250967867,False
1415,31.0,cashier,1,0.0,62.8096726061,False
1418,23.0,cashier,0,0.0,69.5754452186,False
1420,1,self,2,0.0,54.6041693231,True
1419,3.0,self,1,0.0,103.928305293,True
1423,2.0,self,1,0.0,37.9499713812,False
1422,24.0,cashier,0,0.0,72.6004645759,False
1424,22.0,cashier,1,0.0,44.5746063656,False
1425,20.0,cashier,2,0.0,66.5274119695,False
1430,27.0,cashier,1,0.0,54.7051987214,False
1428,30.0,cashier,0,0.0,90.7505807199,False
1432,6.0,cashier,2,0.0,19.9582235908,False
1434,5.0,cashier,1,0.0,10.1305923558,False
1426,6.0,self,1,0.0,182.966565254,True
1437,6.0,cashier,3,0.0,11.4282598323,False
1435,15.0,cashier,1,0.0,30.3917770674,False
1433,31.0,cashier,0,0.0,93.7756000772,False
1431,3.0,self,1,127.952025288,55.1589779299,False
1438,21.0,cashier,4,0.0,66.7048801062,False
1436,27.0,cashier,2,0.0,89.8120061588,False
1375,16.0,self,0,0.0,1339.67068352,False
1442,8.0,cashier,0,0.0,24.2001548586,False
1440,2.0,self,1,21.9311122256,59.3549971782,False
1443,20.0,cashier,1,0.0,40.5223694233,False
1427,1,self,0,285.558714101,42.4326614784,False
1421,6.0,self,2,20.614942213,489.582411354,False
1445,20.0,cashier,0,0.0,60.5003871466,False
1429,3.0,self,2,374.538387798,67.3398628066,False
1448,26.0,cashier,0,0.0,78.6505032906,False
1450,8.0,cashier,2,0.0,26.6109647878,False
1439,7.0,self,2,272.659067695,119.149244242,False
1449,34.0,cashier,1,0.0,68.8880280196,False
1451,27.0,cashier,0,0.0,81.6755226479,False
1452,26.0,cashier,1,0.0,52.6790802502,False
1453,12.0,cashier,2,0.0,39.9164471817,False
1454,25.0,cashier,3,0.0,47.6177493014,False
1446,6.0,self,2,202.629722336,149.094990459,True
1441,15.0,self,1,35.7471823288,463.25140696,False
1457,9.0,cashier,0,0.0,27.225174216,False
1458,26.0,cashier,1,0.0,52.6790802502,False
1444,5.0,self,0,33.5619398614,514.916868759,False
1461,7.0,cashier,1,0.0,14.1828292981,False
1459,19.0,cashier,0,0.0,57.4753677893,False
1447,2.0,self,1,275.723639738,129.356176936,False
1455,3.0,self,0,153.254920901,95.0528727971,False
1464,5.0,cashier,2,0.0,16.6318529924,False
1463,18.0,cashier,1,0.0,36.4701324809,False
1460,3.0,self,2,0.0,126.738330823,True
1462,26.0,cashier,0,0.0,78.6505032906,False
1456,1,self,0,223.45069741,56.3940857716,True
1466,4.0,self,0,0.0,71.2453536054,False
1465,29.0,cashier,0,0.0,87.7255613626,False
1469,5.0,cashier,0,0.0,15.1250967867,False
1471,6.0,cashier,1,0.0,12.156710827,False
1470,1.0,self,2,0.0,30.712725747,True
1474,1,self,2,0.0,22.366608105,False
1473,22.0,cashier,0,0.0,66.5504258613,False
1475,25.0,cashier,1,0.0,50.6529617791,False
1476,27.0,cashier,3,0.0,51.4271692456,False
1472,34.0,cashier,2,0.0,113.096600348,False
1478,1,self,2,0.0,50.9195791497,True
1480,28.0,cashier,1,0.0,56.7313171926,False
1477,42.0,cashier,4,0.0,133.409760212,False
1479,26.0,cashier,0,0.0,78.6505032906,False
1482,32.0,cashier,3,0.0,60.9507191058,False
1483,1,self,2,0.0,59.765648223,True
1481,21.0,cashier,2,0.0,69.853782568,False
1484,34.0,cashier,1,36.3944481663,68.8880280196,False
1486,4.0,self,2,0.0,76.272100065,False
1488,22.0,cashier,0,0.0,66.5504258613,False
1489,3.0,self,2,11.532224157,78.9076384376,False
1467,18.0,self,0,0.0,438.479601557,True
1492,19.0,cashier,0,0.0,57.4753677893,False
1468,18.0,self,1,0.0,461.437042266,False
1485,1,self,1,222.93664931,31.6009966439,True
1493,2.0,self,0,0.0,51.5600283591,True
1496,5.0,cashier,2,0.0,16.6318529924,False
1494,21.0,cashier,0,0.0,63.5254065039,False
1495,23.0,cashier,1,0.0,46.6007248368,False
1498,7.0,cashier,4,0.0,22.2349600354,False
1499,6.0,cashier,2,0.0,19.9582235908,False
1487,3.0,self,1,221.542188756,66.2943069926,False
1497,30.0,cashier,3,0.0,57.1412991617,False
1500,1,self,0,0.0,67.9799534353,True
1501,24.0,cashier,0,0.0,72.6004645759,False
1502,17.0,cashier,0,0.0,51.4253290746,False
1503,23.0,cashier,1,0.0,46.6007248368,False
1505,1,self,0,0.0,47.9137342386,True
1504,18.0,cashier,2,0.0,59.8746707725,False
1506,23.0,cashier,3,0.0,43.8083293573,False
1507,11.0,cashier,4,0.0,34.9406514842,False
1491,20.0,self,2,2.06616251094,326.564554041,True
1490,7.0,self,1,166.806409597,176.443972591,True
1509,30.0,cashier,1,0.0,60.7835541349,False
1508,28.0,cashier,0,0.0,84.7005420052,False
1510,6.0,cashier,1,0.0,12.156710827,False
1513,7.0,cashier,2,0.0,23.2845941893,False
1511,21.0,cashier,0,0.0,63.5254065039,False
1512,20.0,cashier,1,0.0,40.5223694233,False
1515,9.0,cashier,0,0.0,27.225174216,False
1514,28.0,cashier,3,0.0,53.3318792176,False
1517,6.0,cashier,0,0.0,18.150116144,False
1516,27.0,cashier,1,0.0,54.7051987214,False
1518,1,self,0,0.0,54.9960672809,True
1521,24.0,cashier,1,0.0,48.6268433079,False
1520,26.0,cashier,0,0.0,78.6505032906,False
1519,4.0,self,1,0.0,120.087144388,True
1522,7.0,cashier,0,0.0,21.1751355013,False
1523,3.0,self,0,0.0,60.655611835,True
1527,18.0,cashier,1,0.0,36.4701324809,False
1528,10.0,cashier,2,0.0,33.2637059847,False
1525,31.0,cashier,0,0.0,93.7756000772,False
1530,25.0,cashier,1,0.0,50.6529617791,False
1531,22.0,cashier,2,0.0,73.1801531664,False
1526,4.0,self,2,0.0,131.874981598,False
1529,4.0,self,0,0.0,133.029173433,False
1536,18.0,cashier,1,0.0,36.4701324809,False
1535,19.0,cashier,0,0.0,57.4753677893,False
1533,2.0,self,0,72.009758915,54.8262526458,True
1539,12.0,cashier,0,0.0,36.300232288,False
1537,22.0,cashier,2,0.0,73.1801531664,False
1543,6.0,cashier,2,0.0,19.9582235908,False
1538,5.0,self,2,0.0,91.8765505696,False
1540,30.0,cashier,1,0.0,60.7835541349,False
1545,5.0,cashier,2,0.0,16.6318529924,False
1546,5.0,cashier,1,0.0,10.1305923558,False
1542,4.0,self,0,0.0,62.6879782577,False
1524,3.0,self,1,0.0,321.778507382,False
1544,29.0,cashier,3,0.0,55.2365891897,False
1541,28.0,cashier,0,0.0,84.7005420052,False
1532,1,self,1,232.063797027,39.4953877554,True
1548,6.0,cashier,0,0.0,18.150116144,False
1551,5.0,cashier,2,0.0,16.6318529924,False
1549,30.0,cashier,1,0.0,60.7835541349,False
1534,3.0,self,1,234.942363172,83.3016841217,True
1550,25.0,cashier,0,0.0,75.6254839333,False
1553,5.0,cashier,1,0.0,10.1305923558,False
1552,28.0,cashier,0,0.0,84.7005420052,False
1555,3.0,self,1,0.0,50.5325095156,False
1557,1.0,self,1,0.0,33.9916408454,True
1547,4.0,self,2,0.0,346.735320252,False
1558,2.0,self,1,0.0,42.6205450754,False
1559,1.0,self,1,0.0,28.9714727002,False
1560,8.0,cashier,0,0.0,24.2001548586,False
1562,6.0,cashier,2,0.0,19.9582235908,False
1561,17.0,cashier,1,0.0,34.4440140098,False
1554,3.0,self,0,0.0,268.305209287,False
1563,6.0,cashier,0,0.0,18.150116144,False
1565,2.0,self,1,0.0,31.1526719318,False
1556,1,self,0,234.309925033,30.8043382984,True
1564,30.0,cashier,1,0.0,60.7835541349,False
1566,3.0,self,2,0.0,64.6650767457,True
1569,5.0,cashier,0,0.0,15.1250967867,False
1567,5.0,self,2,54.5481968228,109.623896977,True
1570,27.0,cashier,0,0.0,81.6755226479,False
1572,24.0,cashier,1,0.0,48.6268433079,False
1574,25.0,cashier,2,0.0,83.1592649619,False
1576,5.0,cashier,1,0.0,10.1305923558,False
1575,21.0,cashier,0,0.0,63.5254065039,False
1577,7.0,cashier,1,0.0,14.1828292981,False
1578,5.0,cashier,0,0.0,15.1250967867,False
1571,7.0,self,1,0.0,166.169483991,True
1579,1.0,self,2,0.0,75.5235559098,False
1580,3.0,self,1,0.0,66.3497088676,True
1581,6.0,cashier,0,0.0,18.150116144,False
1568,4.0,self,0,0.0,414.601861498,True
1582,29.0,cashier,1,0.0,58.7574356637,False
1573,1,self,0,301.599182885,32.6089096077,False
1583,4.0,self,1,0.0,63.5218811026,False
1584,29.0,cashier,0,0.0,87.7255613626,False
1585,23.0,cashier,1,0.0,46.6007248368,False
1587,2.0,self,1,0.0,38.8645429604,False
1592,6.0,cashier,1,0.0,12.156710827,False
1589,18.0,cashier,2,0.0,59.8746707725,False
1594,5.0,cashier,1,0.0,10.1305923558,False
1595,26.0,cashier,1,0.0,52.6790802502,False
1597,20.0,cashier,3,0.0,38.0941994411,False
1591,43.0,cashier,0,0.0,130.075832365,False
1588,9.0,self,2,0.0,171.49468441,False
1596,27.0,cashier,2,0.0,89.8120061588,False
1601,5.0,cashier,0,0.0,15.1250967867,False
1586,8.0,self,0,0.0,240.2850498,False
1593,2.0,self,0,158.022140021,41.0882361943,False
1598,4.0,self,2,62.5572161536,114.097982757,False
1604,20.0,cashier,1,0.0,40.5223694233,False
1603,23.0,cashier,0,0.0,69.5754452186,False
1605,8.0,cashier,2,0.0,26.6109647878,False
1599,4.0,self,2,129.662893049,83.2210344668,False
1600,4.0,self,2,197.056602717,100.732294247,False
1607,5.0,cashier,1,0.0,10.1305923558,False
1606,22.0,cashier,0,0.0,66.5504258613,False
1608,26.0,cashier,1,0.0,52.6790802502,False
1610,24.0,cashier,0,0.0,72.6004645759,False
1614,10.0,cashier,3,0.0,19.0470997206,False
1616,6.0,cashier,0,0.0,18.150116144,False
1612,20.0,cashier,1,0.0,40.5223694233,False
1611,4.0,self,2,0.0,60.9405521844,False
1617,18.0,cashier,4,0.0,57.1756115196,False
1613,25.0,cashier,2,0.0,83.1592649619,False
1621,7.0,cashier,0,0.0,21.1751355013,False
1622,5.0,cashier,1,0.0,10.1305923558,False
1623,6.0,cashier,0,0.0,18.150116144,False
1624,5.0,cashier,0,0.0,15.1250967867,False
1625,10.0,cashier,1,0.0,20.2611847116,False
1628,19.0,cashier,1,0.0,38.4962509521,False
1627,27.0,cashier,0,0.0,81.6755226479,False
1631,36.0,cashier,1,0.0,72.9402649619,False
1630,30.0,cashier,0,0.0,90.7505807199,False
1609,18.0,self,0,0.0,733.822254924,True
1618,9.0,self,2,0.0,547.006434123,True
1590,16.0,self,1,10.1386698565,1241.29168778,False
1633,21.0,cashier,3,0.0,39.9989094132,False
1634,7.0,cashier,0,0.0,21.1751355013,False
1632,24.0,cashier,2,0.0,79.8328943634,False
1620,1,self,0,442.192055726,44.4753254479,False
1635,26.0,cashier,1,0.0,52.6790802502,False
1637,5.0,cashier,0,0.0,15.1250967867,False
1629,3.0,self,0,156.919041805,77.9770794501,False
1638,32.0,cashier,1,0.0,64.8357910772,False
1639,27.0,cashier,0,0.0,81.6755226479,False
1641,29.0,cashier,2,0.0,96.4647473557,False
1640,5.0,self,0,0.0,106.310866906,False
1646,5.0,cashier,0,0.0,15.1250967867,False
1602,13.0,self,1,1036.66942626,318.565644502,False
1647,24.0,cashier,1,0.0,48.6268433079,False
1649,8.0,cashier,0,0.0,24.2001548586,False
1650,5.0,cashier,1,0.0,10.1305923558,False
1652,19.0,cashier,1,0.0,38.4962509521,False
1615,6.0,self,1,947.037887584,124.764102393,True
1654,17.0,cashier,1,0.0,34.4440140098,False
1651,28.0,cashier,0,0.0,84.7005420052,False
1645,4.0,self,0,0.0,215.502524259,True
1653,25.0,cashier,2,0.0,83.1592649619,False
1655,29.0,cashier,3,0.0,55.2365891897,False
1619,3.0,self,1,898.551559738,81.6802505166,True
1648,2.0,self,0,131.672378061,86.9307621989,True
1658,1,self,0,22.6030342313,19.2284084034,False
1656,23.0,cashier,0,0.0,69.5754452186,False
1659,8.0,cashier,1,0.0,16.2089477693,False
1662,7.0,cashier,0,0.0,21.1751355013,False
1626,3.0,self,1,853.583527261,105.05017196,True
1660,33.0,cashier,2,0.0,109.77022975,False
1665,5.0,cashier,0,0.0,15.1250967867,False
1657,3.0,self,1,101.562958937,78.7890685495,True
1636,20.0,self,2,0.0,714.809236691,True
1667,5.0,cashier,0,0.0,15.1250967867,False
1661,4.0,self,0,0.0,160.875647228,False
1663,1,self,1,91.7006368525,43.0288505533,True
1668,2.0,self,0,11.2632853153,81.5962258633,False
1671,31.0,cashier,1,0.0,62.8096726061,False
1670,27.0,cashier,0,0.0,81.6755226479,False
1664,7.0,self,1,90.6228941465,124.962716004,True
1673,1.0,self,0,0.0,31.7453831249,False
1642,7.0,self,2,531.274561237,204.672349902,False
1676,5.0,cashier,0,0.0,15.1250967867,False
1669,3.0,self,1,109.020971375,97.2748162199,True
1677,31.0,cashier,1,0.0,62.8096726061,False
1675,2.0,self,0,0.0,102.317137715,False
1643,3.0,self,2,719.337290069,114.751393563,False
1679,26.0,cashier,0,0.0,78.6505032906,False
1681,27.0,cashier,1,0.0,54.7051987214,False
1682,8.0,cashier,0,0.0,24.2001548586,False
1683,25.0,cashier,2,0.0,83.1592649619,False
1684,22.0,cashier,0,0.0,66.5504258613,False
1686,5.0,cashier,2,0.0,16.6318529924,False
1685,21.0,cashier,1,0.0,42.5484878944,False
1687,23.0,cashier,0,0.0,69.5754452186,False
1689,23.0,cashier,1,0.0,46.6007248368,False
1688,1,self,0,0.0,76.2196937622,True
1690,16.0,cashier,2,0.0,53.2219295756,False
1692,15.0,cashier,0,0.0,45.37529036,False
1693,25.0,cashier,1,0.0,50.6529617791,False
1695,6.0,cashier,0,0.0,18.150116144,False
1678,16.0,self,1,7.32046553988,415.050488124,True
1697,26.0,cashier,1,0.0,52.6790802502,False
1700,6.0,cashier,1,0.0,12.156710827,False
1696,23.0,cashier,2,0.0,76.5065237649,False
1699,22.0,cashier,3,0.0,41.9036193853,False
1694,4.0,self,0,0.0,138.900383135,False
1698,28.0,cashier,0,0.0,84.7005420052,False
1704,20.0,cashier,0,0.0,60.5003871466,False
1705,25.0,cashier,1,0.0,50.6529617791,False
1706,19.0,cashier,0,0.0,57.4753677893,False
1702,4.0,self,0,0.0,148.236684812,True
1707,22.0,cashier,1,0.0,44.5746063656,False
1708,16.0,cashier,2,0.0,53.2219295756,False
1701,4.0,self,1,0.0,230.911528128,False
1710,6.0,cashier,0,0.0,18.150116144,False
1711,23.0,cashier,1,0.0,46.6007248368,False
1714,10.0,cashier,1,0.0,20.2611847116,False
1715,8.0,cashier,3,0.0,15.2376797765,False
1712,24.0,cashier,0,0.0,72.6004645759,False
1709,7.0,self,0,0.0,122.990331039,True
1716,5.0,cashier,0,0.0,15.1250967867,False
1713,32.0,cashier,2,0.0,106.443859151,False
1644,20.0,self,2,821.38483473,872.895139554,False
1719,20.0,cashier,1,0.0,40.5223694233,False
1718,24.0,cashier,0,0.0,72.6004645759,False
1720,22.0,cashier,2,0.0,73.1801531664,False
1721,33.0,cashier,3,0.0,62.8554290779,False
1666,3.0,self,2,1214.20507307,97.8278096094,False
1724,24.0,cashier,0,0.0,72.6004645759,False
1672,1,self,2,1218.57915371,21.0335906198,False
1725,29.0,cashier,1,0.0,58.7574356637,False
1727,6.0,cashier,0,0.0,18.150116144,False
1674,1.0,self,2,1143.69169436,49.6306410579,False
1717,7.0,self,0,0.0,235.275843779,True
1728,19.0,cashier,1,0.0,38.4962509521,False
1726,1,self,0,48.399839477,16.7174365068,False
1730,2.0,self,0,0.0,78.5569854503,True
1733,6.0,cashier,1,0.0,12.156710827,False
1731,25.0,cashier,0,0.0,75.6254839333,False
1680,4.0,self,2,1088.00637599,192.143526223,True
1734,6.0,cashier,0,0.0,18.150116144,False
1722,20.0,self,1,0.0,456.981898809,False
1735,1.0,self,0,0.0,96.5566930306,True
1739,30.0,cashier,1,0.0,60.7835541349,False
1736,33.0,cashier,0,0.0,99.8256387919,False
1740,1.0,self,1,17.9675414609,36.1350575801,True
1737,3.0,self,0,72.1435425762,55.4903954873,False
1741,5.0,self,1,37.3147760908,132.911042763,False
1747,23.0,cashier,1,0.0,46.6007248368,False
1745,32.0,cashier,0,0.0,96.8006194346,False
1749,19.0,cashier,1,0.0,38.4962509521,False
1743,4.0,self,1,110.331081992,67.6885110522,False
1748,22.0,cashier,2,0.0,73.1801531664,False
1750,25.0,cashier,3,0.0,47.6177493014,False
1751,25.0,cashier,0,0.0,75.6254839333,False
1691,17.0,self,2,1007.81003762,417.50234365,False
1756,5.0,cashier,0,0.0,15.1250967867,False
1703,2.0,self,2,1209.68786601,68.8830558909,False
1760,6.0,cashier,2,0.0,19.9582235908,False
1757,27.0,cashier,1,0.0,54.7051987214,False
1723,1,self,2,839.121057704,33.0236053983,True
1752,4.0,self,1,0.0,175.242777902,True
1729,2.0,self,2,708.740181499,33.7540209501,False
1761,31.0,cashier,3,0.0,59.0460091338,False
1759,26.0,cashier,0,0.0,78.6505032906,False
1732,2.0,self,2,624.641919985,36.3343131229,False
1763,33.0,cashier,1,0.0,66.8619095484,False
1765,15.0,cashier,0,0.0,45.37529036,False
1764,26.0,cashier,2,0.0,86.4856355603,False
1769,6.0,cashier,0,0.0,18.150116144,False
1766,26.0,cashier,3,0.0,49.5224592735,False
1771,23.0,cashier,1,0.0,46.6007248368,False
1774,7.0,cashier,1,0.0,14.1828292981,False
1775,5.0,cashier,1,0.0,10.1305923558,False
1738,5.0,self,0,112.573734865,577.242105847,True
1755,5.0,self,1,110.435795384,205.101308493,False
1773,26.0,cashier,0,0.0,78.6505032906,False
1776,19.0,cashier,1,0.0,38.4962509521,False
1777,6.0,cashier,0,0.0,18.150116144,False
1767,4.0,self,1,135.88955925,95.6379812673,False
1742,6.0,self,0,591.675196376,143.194741011,False
1778,25.0,cashier,0,0.0,75.6254839333,False
1781,5.0,cashier,1,0.0,10.1305923558,False
1780,3.0,self,1,0.0,54.7394508436,False
1753,2.0,self,0,505.893182983,91.9279866927,True
1779,33.0,cashier,0,0.0,99.8256387919,False
1782,2.0,self,1,0.0,76.942676911,True
1744,9.0,self,2,397.066911188,449.827959673,False
1783,21.0,cashier,0,0.0,63.5254065039,False
1746,1,self,2,817.695428715,38.9139316155,True
1785,24.0,cashier,1,0.0,48.6268433079,False
1754,4.0,self,0,579.914301907,156.989413431,False
1772,1,self,2,421.608527821,67.6275068834,True
1786,4.0,self,1,0.0,74.3179992061,False
1789,23.0,cashier,1,0.0,46.6007248368,False
1758,2.0,self,0,639.115691048,46.00000388,False
1787,25.0,cashier,0,0.0,75.6254839333,False
1791,21.0,cashier,3,0.0,39.9989094132,False
1788,2.0,self,2,41.3087861851,30.6511416074,False
1790,20.0,cashier,2,0.0,66.5274119695,False
1793,20.0,cashier,4,0.0,63.528457244,False
1762,3.0,self,0,634.008554189,56.5678276601,False
1794,20.0,cashier,0,0.0,60.5003871466,False
1768,1,self,0,606.631346737,29.4094232112,False
1795,5.0,cashier,0,0.0,15.1250967867,False
1770,4.0,self,0,623.14869649,79.3127259091,False
1798,7.0,cashier,0,0.0,21.1751355013,False
1792,13.0,self,1,0.0,231.870389108,False
1796,6.0,self,2,0.0,114.726394731,False
1800,7.0,cashier,1,0.0,14.1828292981,False
1799,20.0,cashier,0,0.0,60.5003871466,False
1797,2.0,self,1,69.915622215,82.6496906166,False
1802,5.0,cashier,1,0.0,10.1305923558,False
1784,4.0,self,0,336.191817053,189.070752056,True
1801,31.0,cashier,0,0.0,93.7756000772,False
1803,26.0,cashier,1,0.0,52.6790802502,False
1805,19.0,cashier,0,0.0,57.4753677893,False
1807,5.0,cashier,1,0.0,10.1305923558,False
1806,3.0,self,1,0.0,101.406587323,False
1809,26.0,cashier,1,0.0,52.6790802502,False
1811,1,self,1,0.0,30.2763507089,True
1808,33.0,cashier,0,0.0,99.8256387919,False
1813,20.0,cashier,1,0.0,40.5223694233,False
1810,32.0,cashier,2,0.0,106.443859151,False
1816,28.0,cashier,1,0.0,56.7313171926,False
1815,25.0,cashier,0,0.0,75.6254839333,False
1814,3.0,self,1,0.0,145.961714427,True
1820,16.0,cashier,1,0.0,32.4178955386,False
1819,18.0,cashier,0,0.0,54.4503484319,False
1823,6.0,cashier,4,0.0,19.0585371732,False
1824,6.0,cashier,1,0.0,12.156710827,False
1822,24.0,cashier,3,0.0,45.7130393294,False
1821,22.0,cashier,2,0.0,73.1801531664,False
1826,7.0,cashier,1,0.0,14.1828292981,False
1827,7.0,cashier,1,0.0,14.1828292981,False
1825,29.0,cashier,0,0.0,87.7255613626,False
1828,3.0,self,1,0.0,71.7702903381,True
1833,13.0,cashier,1,0.0,26.3395401251,False
1832,30.0,cashier,0,0.0,90.7505807199,False
1834,8.0,cashier,1,0.0,16.2089477693,False
1836,1.0,self,1,0.0,18.899207512,False
1835,21.0,cashier,2,0.0,69.853782568,False
1840,9.0,cashier,3,0.0,17.1423897485,False
1837,24.0,cashier,0,0.0,72.6004645759,False
1838,29.0,cashier,1,0.0,58.7574356637,False
1841,10.0,cashier,4,0.0,31.764228622,False
1804,19.0,self,0,0.0,707.217634878,False
1842,2.0,self,1,0.0,38.1326937546,False
1839,25.0,cashier,2,0.0,83.1592649619,False
1817,2.0,self,0,450.326812286,47.1962449381,True
1812,19.0,self,2,0.0,608.745255085,True
1849,6.0,cashier,1,0.0,12.156710827,False
1845,25.0,cashier,0,0.0,75.6254839333,False
1830,1.0,self,2,338.692434111,20.4105807844,False
1818,2.0,self,0,482.594928464,46.0883343848,False
1850,5.0,cashier,0,0.0,15.1250967867,False
1831,5.0,self,2,350.912028096,78.12874727,False
1851,6.0,cashier,0,0.0,18.150116144,False
1829,3.0,self,0,371.794903738,119.37759519,True
1852,29.0,cashier,1,0.0,58.7574356637,False
1843,3.0,self,2,194.451021422,81.1453577957,False
1853,35.0,cashier,0,0.0,105.875677507,False
1846,3.0,self,0,169.784096141,122.629018633,True
1854,23.0,cashier,0,0.0,69.5754452186,False
1856,5.0,cashier,0,0.0,15.1250967867,False
1855,4.0,self,0,0.0,73.582896239,False
1857,2.0,self,2,0.0,99.4218299705,False
1859,3.0,self,0,0.0,53.151139798,False
1858,25.0,cashier,0,0.0,75.6254839333,False
1861,25.0,cashier,1,0.0,50.6529617791,False
1860,2.0,self,0,36.0633057514,31.5919539874,False
1862,26.0,cashier,2,0.0,86.4856355603,False
1864,29.0,cashier,0,0.0,87.7255613626,False
1866,27.0,cashier,1,0.0,54.7051987214,False
1868,8.0,cashier,2,0.0,26.6109647878,False
1870,7.0,cashier,3,0.0,13.3329698044,False
1863,3.0,self,2,0.0,127.411933571,True
1865,4.0,self,0,0.0,104.666404551,True
1867,4.0,self,0,59.7767728768,148.789572489,False
1873,26.0,cashier,1,0.0,52.6790802502,False
1872,34.0,cashier,0,0.0,102.850658149,False
1874,22.0,cashier,2,0.0,73.1801531664,False
1869,3.0,self,0,180.519469246,70.0785220156,True
1844,20.0,self,1,19.9773553215,926.441122827,False
1875,19.0,cashier,0,0.0,57.4753677893,False
1876,29.0,cashier,1,0.0,58.7574356637,False
1847,4.0,self,1,878.441695814,77.184344945,False
1848,1,self,1,944.074483702,18.8926991747,False
1877,4.0,self,0,0.0,112.447403471,True
1881,21.0,cashier,0,0.0,63.5254065039,False
1882,22.0,cashier,1,0.0,44.5746063656,False
1871,5.0,self,2,0.0,361.778130198,True
1878,1.0,self,2,126.277193191,39.8083724345,True
1884,8.0,cashier,0,0.0,24.2001548586,False
1887,6.0,cashier,0,0.0,18.150116144,False
1879,3.0,self,2,152.425645828,52.0261628942,False
1889,6.0,cashier,0,0.0,18.150116144,False
1886,29.0,cashier,1,0.0,58.7574356637,False
1880,2.0,self,0,65.2757527348,167.647098828,True
1883,3.0,self,1,0.0,131.883759599,False
1891,8.0,cashier,0,0.0,24.2001548586,False
1890,1.0,self,1,5.93602786017,35.7961276804,False
1885,2.0,self,2,53.4544534763,120.458584584,False
1893,15.0,cashier,0,0.0,45.37529036,False
1896,5.0,cashier,3,0.0,9.52354986029,False
1892,3.0,self,1,19.7333481946,73.1174383912,False
1894,28.0,cashier,1,0.0,56.7313171926,False
1899,5.0,cashier,3,0.0,9.52354986029,False
1895,21.0,cashier,2,0.0,69.853782568,False
1898,29.0,cashier,0,0.0,87.7255613626,False
1903,7.0,cashier,0,0.0,21.1751355013,False
1902,22.0,cashier,1,0.0,44.5746063656,False
1897,4.0,self,2,0.0,185.493509816,False
1904,19.0,cashier,2,0.0,63.201041371,False
1905,21.0,cashier,0,0.0,63.5254065039,False
1906,22.0,cashier,1,0.0,44.5746063656,False
1910,10.0,cashier,0,0.0,30.2501935733,False
1901,4.0,self,2,110.783190809,86.1279568339,True
1900,4.0,self,1,0.0,218.571560424,False
1911,21.0,cashier,1,0.0,42.5484878944,False
1913,33.0,cashier,3,0.0,62.8554290779,False
1888,20.0,self,0,40.0112907083,445.946691338,False
1908,1,self,2,78.3681828918,76.1234165025,False
1912,29.0,cashier,2,0.0,96.4647473557,False
1915,17.0,cashier,0,0.0,51.4253290746,False
1907,2.0,self,1,101.972614898,87.757920096,True
1916,20.0,cashier,1,0.0,40.5223694233,False
1918,1,self,0,0.0,24.3544769632,False
1914,2.0,self,2,50.5537632609,86.7130387451,False
1917,31.0,cashier,2,0.0,103.117488553,False
1919,30.0,cashier,0,0.0,90.7505807199,False
1921,3.0,self,2,0.0,48.9336817498,False
1909,4.0,self,1,166.651211348,159.153212113,False
1924,5.0,cashier,0,0.0,15.1250967867,False
1926,7.0,cashier,0,0.0,21.1751355013,False
1927,20.0,cashier,1,0.0,40.5223694233,False
1928,6.0,cashier,0,0.0,18.150116144,False
1929,6.0,cashier,1,0.0,12.156710827,False
1930,5.0,cashier,0,0.0,15.1250967867,False
1925,4.0,self,1,0.0,212.658748888,False
1932,17.0,cashier,0,0.0,51.4253290746,False
1933,34.0,cashier,1,0.0,68.8880280196,False
1934,19.0,cashier,0,0.0,57.4753677893,False
